Order_ID,Order_Date,Year,Region,Category,Channel,Customer_Segment,Payment_Method,Quantity,Unit_Price_INR,Discount,Shipping_Cost_INR,Customer_Rating,Returned,Sales_INR
ORD100000,2022-09-16 00:05:18,2022,South,Sports,Mobile App,Home Office,COD,2,1141.25,0.285,209.56,5.0,1,1684.53
ORD100001,2020-10-27 10:49:15,2020,East,Books,Website,Home Office,UPI,2,430.4,0.294,96.73,3.5,0,792.48
ORD100002,2020-08-08 08:53:44,2020,South,Books,Mobile App,Consumer,Debit Card,2,518.92,0.268,248.42,2.1,0,930.8
ORD100003,2021-04-04 06:51:12,2021,South,Beauty,Mobile App,Home Office,Debit Card,3,903.74,0.04,229.9,4.7,0,2864.33
ORD100004,2023-03-08 02:49:44,2023,South,Beauty,Marketplace,Consumer,COD,3,757.6,0.264,136.81,3.8,0,1618.66
ORD100005,2020-09-11 18:52:05,2020,South,Books,Mobile App,Corporate,Net Banking,3,469.77,0.252,189.02,3.4,0,1314.79
ORD100006,2025-05-25 15:03:51,2025,West,Beauty,Marketplace,Corporate,COD,4,788.95,0.261,145.28,3.6,0,2678.5
ORD100007,2022-05-11 12:44:25,2022,East,Home & Kitchen,Mobile App,Home Office,Debit Card,2,2122.71,0.046,197.4,3.7,0,4230.57
ORD100008,2025-01-15 12:36:17,2025,East,Sports,Marketplace,Home Office,COD,7,1761.31,0.035,211.94,4.8,0,13218.11
ORD100009,2023-10-13 09:48:02,2023,North,Beauty,Mobile App,Home Office,COD,6,864.55,0.277,35.11,4.1,0,4008.43
ORD100010,2021-05-02 01:10:29,2021,East,Books,Marketplace,Home Office,COD,6,464.64,0.052,47.41,4.8,1,2590.65
ORD100011,2020-08-06 09:56:39,2020,North,Beauty,Mobile App,Corporate,Debit Card,2,729.9,0.111,104.02,4.3,0,1557.66
ORD100012,2024-03-16 12:30:40,2024,South,Books,Marketplace,Home Office,Credit Card,5,438.86,0.137,231.87,3.8,0,2332.94
ORD100013,2021-04-25 08:39:12,2021,East,Electronics,Mobile App,Consumer,COD,6,2123.45,0.037,117.62,3.7,0,13819.05
ORD100014,2020-09-22 23:51:06,2020,North,Electronics,Mobile App,Corporate,Net Banking,2,1705.11,0.006,225.25,4.4,0,3690.47
ORD100015,2025-07-06 01:30:50,2025,South,Electronics,Mobile App,Consumer,COD,6,2053.7,0.298,131.74,4.5,0,8635.87
ORD100016,2022-05-18 14:26:53,2022,South,Beauty,Marketplace,Home Office,Debit Card,3,1150.96,0.263,93.55,4.6,0,2738.53
ORD100017,2019-05-05 03:26:04,2019,Central,Sports,Mobile App,Home Office,COD,6,1543.69,0.274,228.14,3.8,0,7434.96
ORD100018,2022-06-18 15:01:33,2022,Central,Clothing,Website,Home Office,Net Banking,4,1563.19,0.085,153.35,4.1,1,5380.98
ORD100019,2022-03-23 17:27:02,2022,North,Electronics,Marketplace,Home Office,Net Banking,6,1806.41,0.066,109.31,4.4,0,10845.67
ORD100020,2025-01-17 07:17:00,2025,West,Books,Marketplace,Consumer,UPI,2,493.59,0.128,39.77,4.0,1,836.41
ORD100021,2023-12-24 17:48:59,2023,West,Sports,Website,Home Office,Debit Card,3,1905.9,0.136,54.41,3.3,0,5515.46
ORD100022,2020-05-04 02:37:10,2020,South,Beauty,Marketplace,Corporate,Net Banking,2,864.86,0.002,60.65,3.5,0,2011.6
ORD100023,2020-01-20 13:27:03,2020,East,Home & Kitchen,Mobile App,Home Office,Net Banking,2,1991.92,0.234,110.26,3.8,0,2990.59
ORD100024,2023-03-23 18:54:18,2023,West,Home & Kitchen,Website,Home Office,COD,3,2316.37,0.299,163.61,4.4,0,4821.82
ORD100025,2019-05-02 02:06:42,2019,South,Electronics,Mobile App,Corporate,Credit Card,3,2316.45,0.159,97.67,4.8,0,6382.37
ORD100026,2021-03-26 09:42:53,2021,North,Clothing,Marketplace,Consumer,Credit Card,1,1193.32,0.116,44.42,3.1,0,1113.37
ORD100027,2019-12-20 06:04:13,2019,South,Books,Website,Corporate,COD,5,573.41,0.118,88.26,3.6,0,2780.26
ORD100028,2019-02-22 13:21:05,2019,South,Home & Kitchen,Marketplace,Corporate,COD,4,1404.09,0.029,119.91,3.8,0,5467.67
ORD100029,2025-06-06 12:17:23,2025,South,Sports,Mobile App,Home Office,UPI,6,1217.71,0.08,248.3,4.5,0,6440.29
ORD100030,2019-08-18 13:57:59,2019,South,Sports,Website,Corporate,Credit Card,5,1130.92,0.151,116.46,3.7,0,5543.82
ORD100031,2019-01-24 16:01:55,2019,North,Clothing,Mobile App,Corporate,COD,2,1607.21,0.13,49.62,3.7,0,3270.02
ORD100032,2025-07-12 11:19:09,2025,Central,Clothing,Mobile App,Corporate,UPI,1,1454.97,0.164,157.85,3.1,0,1556.53
ORD100033,2020-04-26 08:25:23,2020,North,Sports,Marketplace,Consumer,Net Banking,3,1371.12,0.255,232.32,4.3,0,3368.18
ORD100034,2024-09-18 02:55:23,2024,West,Electronics,Marketplace,Consumer,UPI,4,1917.61,0.068,203.07,3.9,0,6987.89
ORD100035,2019-03-21 23:03:20,2019,West,Home & Kitchen,Website,Consumer,UPI,2,2026.25,0.008,213.97,3.6,0,4296.36
ORD100036,2020-01-28 11:44:40,2020,West,Books,Marketplace,Corporate,Net Banking,6,690.66,0.011,234.21,3.8,0,5629.44
ORD100037,2019-10-10 18:27:14,2019,Central,Sports,Mobile App,Corporate,Net Banking,5,1371.79,0.04,170.04,4.7,0,8299.7
ORD100038,2023-12-11 04:59:10,2023,North,Sports,Website,Home Office,Debit Card,6,1390.29,0.171,248.88,3.3,0,6998.87
ORD100039,2023-05-05 02:26:16,2023,South,Electronics,Marketplace,Home Office,COD,1,2683.63,0.242,37.32,3.5,0,1984.78
ORD100040,2022-04-30 09:11:47,2022,North,Clothing,Mobile App,Consumer,Credit Card,6,1613.76,0.266,213.66,4.8,0,5871.27
ORD100041,2020-09-09 15:05:49,2020,East,Clothing,Mobile App,Consumer,Debit Card,2,1628.54,0.191,218.54,4.0,0,3221.38
ORD100042,2019-08-16 03:01:32,2019,West,Clothing,Marketplace,Corporate,Net Banking,4,1184.61,0.121,231.67,4.4,0,5047.3
ORD100043,2022-12-25 21:44:38,2022,Central,Clothing,Website,Home Office,Net Banking,4,1061.02,0.046,135.2,4.3,0,4002.03
ORD100044,2020-08-12 16:56:14,2020,South,Books,Website,Consumer,Credit Card,6,545.6,0.12,203.31,4.0,0,2730.83
ORD100045,2023-10-24 04:02:22,2023,South,Electronics,Marketplace,Consumer,Net Banking,2,2007.88,0.1,72.92,3.8,0,3346.33
ORD100046,2024-12-11 03:45:39,2024,Central,Sports,Website,Consumer,Debit Card,2,1854.19,0.261,162.69,4.5,0,3006.39
ORD100047,2022-06-16 15:00:55,2022,West,Beauty,Website,Corporate,Debit Card,3,693.13,0.146,108.9,4.8,0,2020.94
ORD100048,2019-01-13 02:51:21,2019,West,Beauty,Website,Home Office,COD,3,988.77,0.068,161.16,4.7,0,3087.64
ORD100049,2020-12-18 09:13:36,2020,East,Clothing,Marketplace,Home Office,Credit Card,2,1622.92,0.087,178.62,3.2,0,3163.8
ORD100050,2024-12-21 05:05:45,2024,East,Clothing,Website,Corporate,Net Banking,2,1673.32,0.041,106.36,4.8,0,3858.0
ORD100051,2022-09-24 23:44:50,2022,South,Beauty,Website,Consumer,COD,2,996.81,0.276,77.57,3.8,0,1565.93
ORD100052,2023-05-02 11:14:28,2023,West,Clothing,Mobile App,Corporate,Net Banking,4,1654.19,0.015,100.77,3.5,0,7926.55
ORD100053,2022-03-16 04:42:47,2022,South,Sports,Website,Corporate,COD,3,1187.42,0.004,176.07,3.9,0,3349.63
ORD100054,2020-02-20 23:20:11,2020,Central,Electronics,Mobile App,Consumer,Debit Card,3,2084.73,0.055,178.91,4.5,0,5707.34
ORD100055,2025-04-10 23:23:31,2025,North,Electronics,Mobile App,Home Office,Credit Card,6,1660.54,0.243,193.09,4.4,0,7810.21
ORD100056,2024-05-29 15:04:16,2024,East,Sports,Mobile App,Home Office,COD,2,1934.48,0.157,57.84,3.8,0,3750.29
ORD100057,2025-12-18 16:31:54,2025,South,Beauty,Mobile App,Consumer,Net Banking,7,1121.85,0.188,210.07,4.5,0,7880.68
ORD100058,2024-12-26 15:16:23,2024,West,Electronics,Marketplace,Consumer,Credit Card,6,1683.94,0.107,181.39,4.1,0,9083.03
ORD100059,2021-01-14 03:16:48,2021,West,Books,Mobile App,Consumer,Credit Card,2,417.99,0.021,36.71,3.6,0,845.82
ORD100060,2020-10-11 21:32:20,2020,Central,Electronics,Mobile App,Home Office,Credit Card,3,2094.03,0.257,103.83,3.5,0,4186.2
ORD100061,2020-09-27 02:24:54,2020,West,Books,Website,Corporate,COD,2,490.71,0.058,132.68,4.3,0,1220.62
ORD100062,2025-06-06 10:28:46,2025,South,Sports,Website,Consumer,UPI,2,1823.72,0.01,109.34,3.9,0,3556.55
ORD100063,2022-11-24 12:38:16,2022,South,Books,Website,Consumer,Net Banking,3,461.05,0.172,55.83,3.1,0,1485.32
ORD100064,2022-03-07 14:14:11,2022,Central,Books,Website,Consumer,Debit Card,1,651.67,0.025,75.62,4.6,0,668.94
ORD100065,2025-10-10 21:01:41,2025,East,Clothing,Website,Corporate,UPI,1,1371.44,0.029,35.4,3.7,0,1725.1
ORD100066,2023-03-23 08:28:10,2023,North,Sports,Website,Home Office,Net Banking,4,1436.35,0.24,50.48,5.0,1,4681.42
ORD100067,2025-05-13 12:11:43,2025,Central,Clothing,Website,Consumer,Net Banking,5,1079.19,0.147,88.59,3.1,1,4305.42
ORD100068,2025-11-21 18:20:27,2025,West,Home & Kitchen,Website,Consumer,Net Banking,3,2337.71,0.072,210.39,3.9,0,6843.36
ORD100069,2019-07-23 01:30:43,2019,North,Clothing,Mobile App,Corporate,Debit Card,7,1416.86,0.105,145.86,3.5,0,10759.44
ORD100070,2021-07-13 02:04:09,2021,West,Home & Kitchen,Website,Home Office,Credit Card,3,1784.99,0.219,123.39,3.4,0,4228.03
ORD100071,2024-02-20 11:02:28,2024,West,Books,Website,Corporate,UPI,7,524.77,0.02,175.68,3.7,0,4350.97
ORD100072,2024-09-09 10:26:48,2024,West,Home & Kitchen,Website,Consumer,UPI,2,2246.67,0.035,149.13,5.0,0,4777.99
ORD100073,2020-01-15 12:39:44,2020,Central,Electronics,Website,Consumer,Credit Card,4,2643.64,0.185,58.93,4.1,0,9091.17
ORD100074,2021-03-24 19:52:31,2021,East,Clothing,Website,Home Office,Net Banking,6,1555.0,0.182,78.98,3.5,0,7700.74
ORD100075,2022-11-02 03:06:58,2022,East,Sports,Mobile App,Home Office,UPI,1,1633.36,0.292,78.95,2.8,0,1164.03
ORD100076,2024-08-04 18:57:15,2024,West,Beauty,Mobile App,Home Office,COD,7,1114.54,0.112,161.99,2.9,0,7328.26
ORD100077,2019-10-16 17:51:47,2019,North,Beauty,Marketplace,Corporate,Debit Card,3,823.14,0.02,131.56,3.7,0,2794.54
ORD100078,2023-03-16 11:25:17,2023,North,Home & Kitchen,Mobile App,Home Office,Credit Card,4,2046.67,0.161,115.27,3.6,0,6173.15
ORD100079,2021-01-27 16:59:36,2021,Central,Clothing,Mobile App,Corporate,COD,5,1264.18,0.192,152.46,3.9,0,5987.73
ORD100080,2020-07-07 00:07:25,2020,South,Beauty,Marketplace,Consumer,UPI,5,972.0,0.042,243.43,2.5,0,4861.36
ORD100081,2022-08-10 08:38:42,2022,East,Beauty,Website,Corporate,COD,1,1169.09,0.166,99.12,3.9,0,1039.74
ORD100082,2021-11-24 06:01:00,2021,South,Books,Marketplace,Home Office,Credit Card,7,710.32,0.059,144.44,4.7,0,4694.82
ORD100083,2023-06-13 21:04:34,2023,South,Beauty,Marketplace,Corporate,Credit Card,5,928.75,0.253,135.68,5.0,0,3795.79
ORD100084,2021-03-22 21:02:25,2021,East,Books,Mobile App,Home Office,Debit Card,7,586.09,0.251,187.66,2.8,0,3914.56
ORD100085,2024-10-05 07:02:20,2024,Central,Sports,Marketplace,Home Office,COD,4,1865.29,0.129,190.66,3.5,0,6807.13
ORD100086,2019-07-19 15:28:52,2019,East,Electronics,Website,Consumer,Credit Card,5,2842.62,0.29,190.4,3.4,0,11133.88
ORD100087,2025-01-11 23:07:42,2025,North,Home & Kitchen,Marketplace,Consumer,COD,4,2120.82,0.294,74.33,4.1,0,6006.38
ORD100088,2019-03-18 06:11:02,2019,South,Home & Kitchen,Mobile App,Consumer,Credit Card,7,1414.53,0.039,128.8,3.2,0,8526.48
ORD100089,2024-02-24 22:47:18,2024,North,Electronics,Website,Home Office,Credit Card,6,2040.39,0.11,208.46,5.0,0,11701.43
ORD100090,2021-06-04 14:23:11,2021,Central,Clothing,Website,Home Office,Net Banking,7,1616.04,0.18,113.94,4.0,0,8895.59
ORD100091,2021-09-06 19:17:14,2021,South,Sports,Marketplace,Consumer,Net Banking,4,1758.89,0.025,246.54,3.9,0,6915.42
ORD100092,2019-02-18 15:37:50,2019,South,Home & Kitchen,Mobile App,Consumer,Credit Card,6,2084.81,0.115,110.25,5.0,0,10648.32
ORD100093,2023-11-30 13:37:23,2023,North,Electronics,Website,Corporate,UPI,3,2458.19,0.078,139.49,4.0,0,7537.56
ORD100094,2020-02-27 23:40:51,2020,East,Clothing,Mobile App,Corporate,Credit Card,4,1271.91,0.286,134.4,4.3,0,4591.62
ORD100095,2023-08-12 19:18:46,2023,Central,Clothing,Marketplace,Home Office,Debit Card,6,1263.32,0.123,125.41,3.5,0,7278.38
ORD100096,2024-01-28 13:38:44,2024,East,Clothing,Mobile App,Home Office,UPI,1,1553.39,0.229,216.04,3.1,0,1656.82
ORD100097,2024-11-30 10:19:04,2024,West,Electronics,Website,Consumer,UPI,5,2005.47,0.116,64.16,3.6,0,10162.58
ORD100098,2023-12-15 21:08:55,2023,North,Sports,Website,Consumer,COD,1,1689.99,0.04,154.89,5.0,0,1486.39
ORD100099,2021-02-09 15:13:51,2021,North,Sports,Website,Corporate,UPI,5,1724.12,0.259,166.09,4.4,0,6402.38
ORD100100,2024-03-02 19:28:30,2024,West,Home & Kitchen,Marketplace,Corporate,Debit Card,4,2186.11,0.0,217.27,4.2,0,8278.58
ORD100101,2024-10-12 03:05:46,2024,North,Beauty,Marketplace,Home Office,Net Banking,4,833.34,0.017,164.02,3.4,0,3614.67
ORD100102,2021-03-21 15:26:38,2021,East,Books,Marketplace,Corporate,Credit Card,4,636.92,0.109,241.2,4.6,1,2561.71
ORD100103,2019-11-14 09:30:29,2019,South,Books,Mobile App,Corporate,Debit Card,4,444.71,0.206,221.88,3.1,0,1763.79
ORD100104,2025-03-24 21:21:12,2025,North,Electronics,Marketplace,Consumer,UPI,3,1817.05,0.103,106.72,3.0,0,4909.84
ORD100105,2020-01-14 03:13:43,2020,East,Books,Mobile App,Consumer,Net Banking,4,538.74,0.02,219.18,3.6,0,2498.5
ORD100106,2023-02-26 19:56:28,2023,Central,Electronics,Mobile App,Home Office,Net Banking,4,1716.82,0.095,240.87,5.0,0,5916.2
ORD100107,2020-08-26 22:23:20,2020,North,Electronics,Website,Home Office,COD,6,2796.71,0.073,86.58,5.0,0,14066.63
ORD100108,2019-11-19 02:57:35,2019,Central,Home & Kitchen,Mobile App,Consumer,COD,4,2242.88,0.002,164.25,3.7,0,9483.51
ORD100109,2024-06-07 12:24:35,2024,East,Sports,Mobile App,Home Office,Credit Card,5,1165.37,0.16,92.0,3.6,0,5683.35
ORD100110,2020-01-03 08:16:39,2020,West,Electronics,Website,Corporate,UPI,6,2664.36,0.035,172.9,2.9,1,16813.26
ORD100111,2023-09-10 02:20:02,2023,North,Clothing,Mobile App,Corporate,Credit Card,7,1338.85,0.15,50.6,4.1,0,9065.15
ORD100112,2023-11-07 13:14:45,2023,Central,Clothing,Marketplace,Home Office,UPI,1,1476.9,0.192,191.52,4.1,0,1146.86
ORD100113,2019-06-03 22:37:35,2019,North,Home & Kitchen,Mobile App,Home Office,Debit Card,5,2228.06,0.218,122.36,4.5,0,9887.66
ORD100114,2020-03-18 01:04:22,2020,Central,Books,Mobile App,Consumer,UPI,2,587.03,0.079,159.21,4.6,0,1214.19
ORD100115,2024-07-23 09:26:06,2024,West,Clothing,Website,Consumer,COD,2,1058.17,0.099,35.69,3.9,0,1764.21
ORD100116,2022-07-20 15:21:48,2022,South,Clothing,Website,Home Office,Net Banking,6,976.84,0.074,183.0,4.4,0,4840.46
ORD100117,2019-11-07 04:12:44,2019,North,Electronics,Website,Home Office,Credit Card,1,2251.28,0.287,139.12,3.5,1,1543.46
ORD100118,2025-12-09 23:24:48,2025,West,Clothing,Website,Consumer,COD,6,1653.7,0.057,167.56,4.3,0,8791.81
ORD100119,2020-11-08 07:26:00,2020,North,Electronics,Marketplace,Home Office,Net Banking,6,2342.87,0.055,99.45,3.7,0,13127.8
ORD100120,2025-06-20 04:02:26,2025,West,Beauty,Marketplace,Corporate,Debit Card,7,859.6,0.134,62.08,4.3,0,5144.16
ORD100121,2019-02-12 09:04:16,2019,West,Home & Kitchen,Mobile App,Corporate,UPI,5,1380.61,0.057,125.79,4.2,0,7563.59
ORD100122,2022-11-15 09:12:54,2022,South,Home & Kitchen,Mobile App,Consumer,Credit Card,7,2255.83,0.047,237.68,4.0,0,15584.33
ORD100123,2025-12-13 07:46:50,2025,South,Sports,Mobile App,Home Office,Debit Card,1,1394.9,0.029,80.11,4.5,0,1757.16
ORD100124,2023-01-16 21:08:13,2023,South,Beauty,Mobile App,Home Office,Net Banking,7,1023.86,0.192,178.68,3.0,0,5361.89
ORD100125,2023-02-03 08:05:04,2023,South,Electronics,Mobile App,Corporate,Credit Card,2,2490.03,0.184,40.97,3.3,1,4669.95
ORD100126,2021-09-19 04:12:03,2021,North,Home & Kitchen,Mobile App,Home Office,Net Banking,3,1601.34,0.195,187.98,3.8,0,4276.15
ORD100127,2019-11-21 09:09:55,2019,South,Clothing,Marketplace,Home Office,Credit Card,1,1020.6,0.232,82.46,3.1,0,794.86
ORD100128,2023-01-03 19:12:25,2023,West,Sports,Mobile App,Home Office,Credit Card,3,1442.63,0.098,129.33,3.7,0,4226.36
ORD100129,2025-04-12 12:06:22,2025,South,Clothing,Mobile App,Home Office,Debit Card,6,1201.75,0.276,110.91,3.8,0,5885.92
ORD100130,2019-08-21 20:36:47,2019,West,Electronics,Mobile App,Home Office,UPI,2,2497.31,0.22,54.82,4.9,0,4140.37
ORD100131,2025-02-28 06:02:56,2025,Central,Sports,Website,Home Office,Debit Card,6,1801.32,0.241,106.03,4.1,0,9229.55
ORD100132,2021-11-26 20:36:48,2021,West,Home & Kitchen,Website,Home Office,Credit Card,5,1570.22,0.216,107.03,4.7,0,5171.31
ORD100133,2022-10-02 12:40:41,2022,East,Electronics,Website,Corporate,Credit Card,5,2289.16,0.108,144.86,4.2,0,10429.39
ORD100134,2020-02-27 18:35:47,2020,South,Sports,Mobile App,Home Office,Net Banking,7,1158.5,0.085,243.92,3.7,0,8911.26
ORD100135,2023-05-09 07:12:36,2023,Central,Clothing,Marketplace,Consumer,Credit Card,4,1128.19,0.127,133.4,4.1,0,4370.23
ORD100136,2020-04-11 02:16:03,2020,South,Books,Marketplace,Corporate,Net Banking,3,642.93,0.029,231.17,4.5,0,2370.62
ORD100137,2020-11-29 06:23:42,2020,East,Sports,Marketplace,Corporate,Net Banking,7,1779.55,0.135,131.54,4.8,0,12941.39
ORD100138,2024-01-19 10:34:42,2024,East,Home & Kitchen,Website,Home Office,Net Banking,4,2118.64,0.013,53.66,3.9,0,7127.36
ORD100139,2019-05-10 03:04:48,2019,West,Beauty,Marketplace,Consumer,Credit Card,5,745.48,0.001,80.63,2.9,0,4046.46
ORD100140,2022-02-16 23:54:19,2022,East,Beauty,Marketplace,Corporate,COD,3,947.76,0.279,119.65,2.9,0,2542.76
ORD100141,2023-02-28 17:09:19,2023,West,Beauty,Mobile App,Consumer,Credit Card,2,884.24,0.207,101.58,3.8,0,1481.72
ORD100142,2019-12-04 11:09:46,2019,Central,Electronics,Website,Home Office,Credit Card,2,2849.7,0.169,220.48,2.5,0,5999.26
ORD100143,2021-01-23 09:27:45,2021,South,Clothing,Mobile App,Home Office,COD,2,1442.66,0.102,179.3,5.0,0,2926.39
ORD100144,2021-05-27 23:45:41,2021,Central,Clothing,Marketplace,Consumer,Credit Card,2,1643.67,0.171,157.23,4.4,0,2376.79
ORD100145,2023-08-24 05:10:10,2023,North,Sports,Marketplace,Home Office,Net Banking,6,1244.91,0.267,138.07,3.6,0,5784.41
ORD100146,2025-11-01 11:14:13,2025,Central,Electronics,Mobile App,Corporate,UPI,1,2195.56,0.196,117.4,3.3,0,1992.79
ORD100147,2024-11-07 10:37:26,2024,North,Beauty,Mobile App,Home Office,Net Banking,5,1056.95,0.181,164.68,4.7,0,5108.07
ORD100148,2020-04-30 00:59:26,2020,Central,Sports,Mobile App,Home Office,COD,7,1428.48,0.138,57.41,3.3,0,9419.52
ORD100149,2019-02-16 10:02:25,2019,South,Books,Website,Consumer,Net Banking,6,603.83,0.104,65.76,3.3,0,3153.54
ORD100150,2019-05-13 16:29:43,2019,Central,Clothing,Mobile App,Consumer,Debit Card,3,1340.87,0.21,96.69,3.5,0,3814.85
ORD100151,2023-03-03 15:27:56,2023,North,Electronics,Website,Corporate,COD,1,2850.23,0.294,67.66,4.1,0,2415.15
ORD100152,2020-02-04 09:38:41,2020,East,Sports,Marketplace,Consumer,Credit Card,6,1268.44,0.127,178.96,4.4,0,6371.16
ORD100153,2020-08-14 03:40:24,2020,Central,Electronics,Marketplace,Consumer,Credit Card,1,2781.77,0.118,35.45,4.8,0,2458.7
ORD100154,2024-12-05 22:23:29,2024,North,Electronics,Mobile App,Home Office,UPI,5,2135.9,0.128,65.24,4.7,0,10156.19
ORD100155,2025-02-11 15:48:57,2025,South,Books,Mobile App,Home Office,Net Banking,5,554.07,0.128,228.57,4.0,0,2669.94
ORD100156,2024-11-14 13:30:11,2024,North,Books,Marketplace,Corporate,Net Banking,2,572.4,0.297,249.46,4.7,0,1108.14
ORD100157,2020-10-10 08:47:43,2020,South,Sports,Mobile App,Consumer,Net Banking,6,1343.93,0.212,137.27,3.6,0,6770.85
ORD100158,2023-04-11 03:04:58,2023,South,Books,Marketplace,Consumer,Net Banking,2,704.01,0.108,138.98,2.8,0,1275.99
ORD100159,2020-04-18 11:49:02,2020,West,Electronics,Mobile App,Home Office,UPI,2,2752.9,0.111,200.15,3.6,0,4352.15
ORD100160,2022-11-15 20:24:33,2022,South,Electronics,Website,Consumer,Net Banking,6,2827.22,0.129,37.96,3.5,0,15096.37
ORD100161,2022-09-04 13:20:18,2022,North,Clothing,Website,Consumer,Net Banking,7,1687.8,0.011,123.94,3.6,1,9929.68
ORD100162,2021-10-09 14:26:15,2021,North,Electronics,Website,Corporate,Credit Card,2,2460.46,0.158,51.96,3.4,0,4171.05
ORD100163,2024-04-05 06:00:49,2024,Central,Books,Mobile App,Corporate,Debit Card,7,549.13,0.243,118.2,3.7,0,2919.1
ORD100164,2023-09-28 23:58:05,2023,Central,Electronics,Mobile App,Corporate,COD,7,2679.39,0.198,246.44,4.4,0,14907.49
ORD100165,2022-09-23 11:10:32,2022,South,Beauty,Mobile App,Corporate,Debit Card,6,686.78,0.06,195.8,5.0,0,4726.49
ORD100166,2024-01-30 01:36:44,2024,North,Books,Website,Home Office,Net Banking,1,664.91,0.218,246.71,2.9,0,753.03
ORD100167,2024-05-04 12:07:48,2024,North,Sports,Marketplace,Corporate,Debit Card,3,1535.26,0.216,194.13,3.2,0,4024.52
ORD100168,2022-12-20 02:13:55,2022,Central,Clothing,Mobile App,Home Office,Net Banking,5,1456.35,0.079,163.78,3.5,0,6392.92
ORD100169,2020-11-15 04:12:20,2020,West,Home & Kitchen,Marketplace,Corporate,Net Banking,7,1720.31,0.187,195.93,4.5,0,10219.21
ORD100170,2024-04-22 12:39:13,2024,West,Beauty,Mobile App,Corporate,Net Banking,6,857.47,0.183,175.0,3.9,0,5065.82
ORD100171,2024-01-09 05:18:25,2024,South,Sports,Mobile App,Corporate,Net Banking,3,1151.17,0.252,132.09,3.5,0,3037.13
ORD100172,2025-11-18 14:44:13,2025,West,Home & Kitchen,Mobile App,Home Office,COD,2,1769.55,0.041,94.36,4.5,0,3866.66
ORD100173,2020-01-18 20:22:52,2020,North,Clothing,Website,Home Office,Credit Card,7,1266.97,0.058,144.44,4.6,0,9155.04
ORD100174,2021-12-07 15:50:43,2021,West,Sports,Website,Consumer,COD,2,1310.45,0.146,86.87,4.0,1,2278.21
ORD100175,2025-06-20 07:45:41,2025,East,Books,Mobile App,Home Office,Net Banking,3,487.32,0.013,137.07,3.5,0,1399.72
ORD100176,2022-08-08 06:34:57,2022,South,Home & Kitchen,Marketplace,Home Office,Debit Card,7,1928.3,0.125,62.15,4.2,0,11154.29
ORD100177,2025-08-06 08:15:29,2025,West,Electronics,Website,Home Office,Credit Card,4,2034.5,0.236,154.39,3.8,1,6322.03
ORD100178,2019-02-01 20:57:07,2019,West,Beauty,Mobile App,Consumer,Debit Card,2,1085.97,0.045,83.96,3.8,0,2105.07
ORD100179,2019-03-31 21:27:24,2019,East,Books,Marketplace,Home Office,Net Banking,1,446.19,0.138,94.59,3.7,0,438.78
ORD100180,2024-07-27 15:34:32,2024,North,Books,Marketplace,Consumer,Credit Card,4,587.24,0.297,139.79,4.6,0,1801.09
ORD100181,2021-07-05 03:35:57,2021,North,Home & Kitchen,Mobile App,Consumer,Credit Card,7,1508.44,0.152,65.76,4.2,1,11204.51
ORD100182,2022-08-22 16:59:35,2022,Central,Electronics,Website,Home Office,COD,4,2289.17,0.149,241.72,4.7,0,7720.29
ORD100183,2021-12-29 23:48:51,2021,South,Beauty,Website,Consumer,Debit Card,5,948.51,0.168,128.33,4.9,0,4073.22
ORD100184,2021-11-08 17:59:09,2021,South,Sports,Mobile App,Home Office,Net Banking,2,1654.9,0.056,107.5,4.3,0,3008.42
ORD100185,2025-07-29 07:06:39,2025,West,Books,Marketplace,Corporate,UPI,6,541.8,0.044,36.42,3.7,0,3733.48
ORD100186,2019-08-29 10:45:01,2019,South,Electronics,Website,Consumer,UPI,6,2266.46,0.203,215.52,4.7,0,11827.28
ORD100187,2024-05-27 18:52:40,2024,South,Clothing,Marketplace,Consumer,COD,5,1104.38,0.119,167.68,4.3,0,5356.87
ORD100188,2025-03-23 23:05:00,2025,West,Home & Kitchen,Marketplace,Home Office,UPI,6,1808.39,0.087,121.61,5.0,0,11118.82
ORD100189,2023-08-08 08:16:11,2023,East,Electronics,Website,Home Office,Net Banking,5,2101.37,0.009,84.02,4.2,0,10137.45
ORD100190,2021-10-06 15:19:26,2021,West,Books,Mobile App,Corporate,COD,3,614.0,0.254,193.93,4.5,0,1718.65
ORD100191,2020-02-13 23:53:10,2020,North,Electronics,Website,Home Office,Debit Card,6,2176.13,0.01,238.0,4.2,0,14964.98
ORD100192,2022-04-13 05:56:02,2022,East,Beauty,Marketplace,Consumer,COD,6,1060.77,0.225,113.78,3.9,0,5301.82
ORD100193,2020-01-17 19:12:29,2020,East,Books,Mobile App,Corporate,Debit Card,6,541.36,0.115,59.67,3.8,0,2710.68
ORD100194,2021-07-08 06:23:27,2021,West,Sports,Website,Consumer,COD,2,1319.51,0.18,54.02,4.2,0,2298.73
ORD100195,2025-09-23 17:18:01,2025,North,Sports,Website,Corporate,Credit Card,5,1350.79,0.074,31.4,4.3,0,6472.51
ORD100196,2020-11-09 07:48:47,2020,North,Clothing,Mobile App,Consumer,Debit Card,1,1007.38,0.047,193.67,4.8,0,1286.06
ORD100197,2020-04-01 02:19:53,2020,West,Sports,Website,Corporate,Credit Card,5,1570.43,0.16,245.91,4.2,0,7630.36
ORD100198,2023-10-10 03:05:59,2023,West,Home & Kitchen,Website,Corporate,Net Banking,4,2172.57,0.209,248.42,3.7,0,6621.14
ORD100199,2020-05-25 00:42:14,2020,Central,Electronics,Website,Corporate,UPI,3,2580.63,0.059,202.52,3.8,0,8260.55
ORD100200,2025-06-09 06:53:51,2025,South,Home & Kitchen,Mobile App,Corporate,COD,7,1783.41,0.131,65.68,3.1,0,12465.36
ORD100201,2025-01-04 13:26:40,2025,Central,Home & Kitchen,Marketplace,Corporate,UPI,7,1544.16,0.133,245.1,5.0,0,10687.92
ORD100202,2025-11-18 21:40:30,2025,South,Beauty,Mobile App,Corporate,Credit Card,1,1102.42,0.065,102.12,3.6,0,1331.04
ORD100203,2025-05-21 13:28:33,2025,West,Clothing,Website,Consumer,Debit Card,2,1015.6,0.17,103.4,4.6,0,2003.43
ORD100204,2020-09-15 01:28:28,2020,North,Home & Kitchen,Mobile App,Consumer,UPI,2,1745.23,0.044,181.21,4.2,0,3779.97
ORD100205,2020-06-26 05:58:14,2020,Central,Home & Kitchen,Marketplace,Corporate,Debit Card,7,2198.05,0.153,40.79,4.2,0,14144.73
ORD100206,2021-05-25 18:52:26,2021,South,Clothing,Website,Home Office,COD,4,1256.12,0.034,211.67,3.9,0,5530.51
ORD100207,2022-04-15 19:27:56,2022,Central,Sports,Website,Home Office,COD,6,1222.25,0.146,249.41,3.5,0,7680.61
ORD100208,2025-02-27 06:27:20,2025,South,Clothing,Website,Corporate,UPI,6,1165.15,0.093,200.52,3.4,0,7581.75
ORD100209,2024-02-18 19:30:41,2024,West,Sports,Marketplace,Home Office,Debit Card,6,1620.02,0.136,201.97,5.0,0,8742.05
ORD100210,2023-07-06 04:12:09,2023,East,Clothing,Website,Home Office,Debit Card,1,1083.71,0.13,115.87,4.1,0,1095.33
ORD100211,2025-02-23 02:28:03,2025,North,Books,Mobile App,Corporate,UPI,1,610.62,0.272,44.5,4.7,0,560.53
ORD100212,2023-07-09 21:18:56,2023,North,Home & Kitchen,Marketplace,Consumer,Net Banking,3,1783.78,0.147,204.39,4.9,0,4776.15
ORD100213,2021-08-26 20:36:30,2021,West,Electronics,Mobile App,Corporate,Debit Card,3,2054.61,0.246,161.37,3.7,0,6336.95
ORD100214,2021-11-21 15:07:35,2021,North,Electronics,Mobile App,Corporate,Net Banking,6,1941.52,0.068,230.05,4.3,0,11706.72
ORD100215,2022-08-14 12:02:36,2022,South,Sports,Website,Consumer,Credit Card,2,1804.25,0.106,55.51,4.0,0,3584.69
ORD100216,2019-08-15 21:38:30,2019,East,Books,Website,Home Office,Credit Card,3,532.49,0.023,97.13,3.2,0,1641.17
ORD100217,2024-03-10 19:51:05,2024,South,Clothing,Website,Home Office,Net Banking,2,1503.01,0.126,109.34,3.9,0,2412.5
ORD100218,2023-07-27 11:53:01,2023,North,Beauty,Marketplace,Consumer,Net Banking,2,892.98,0.201,180.32,4.4,0,1583.08
ORD100219,2024-02-12 18:48:19,2024,West,Beauty,Website,Corporate,UPI,2,720.47,0.251,203.3,3.7,1,1324.59
ORD100220,2022-09-26 18:10:05,2022,West,Electronics,Website,Consumer,Credit Card,2,2183.01,0.17,241.42,3.8,0,4043.82
ORD100221,2024-06-24 05:54:22,2024,West,Home & Kitchen,Marketplace,Consumer,Debit Card,4,1852.61,0.192,94.99,3.9,0,6127.06
ORD100222,2025-08-24 13:31:21,2025,Central,Sports,Mobile App,Consumer,COD,3,1502.72,0.053,138.6,5.0,0,4209.33
ORD100223,2022-12-27 18:01:12,2022,North,Books,Mobile App,Corporate,Credit Card,4,659.41,0.011,36.37,2.8,0,3320.49
ORD100224,2022-02-09 20:16:52,2022,East,Books,Marketplace,Consumer,Credit Card,4,688.03,0.238,85.66,4.3,1,2373.14
ORD100225,2019-09-25 09:30:30,2019,South,Electronics,Mobile App,Consumer,COD,6,2602.0,0.05,112.28,3.8,1,17513.41
ORD100226,2024-06-13 07:10:53,2024,Central,Clothing,Marketplace,Corporate,Net Banking,7,1391.69,0.027,160.64,3.6,0,10607.94
ORD100227,2025-04-29 13:20:15,2025,East,Home & Kitchen,Mobile App,Corporate,COD,4,1886.04,0.281,133.59,3.8,0,6224.7
ORD100228,2023-11-23 21:31:22,2023,North,Electronics,Marketplace,Consumer,Net Banking,5,2429.99,0.289,110.18,4.4,0,9241.21
ORD100229,2025-01-21 09:40:54,2025,West,Beauty,Marketplace,Corporate,COD,6,817.48,0.185,167.3,4.5,0,4290.14
ORD100230,2025-01-10 05:25:17,2025,North,Electronics,Mobile App,Consumer,UPI,5,2632.33,0.114,212.3,4.1,0,12476.96
ORD100231,2024-08-01 22:29:20,2024,South,Electronics,Website,Home Office,Credit Card,1,2686.79,0.25,83.17,4.7,1,2068.77
ORD100232,2022-07-09 08:42:08,2022,West,Electronics,Marketplace,Corporate,Credit Card,7,1973.33,0.061,105.43,4.8,0,12471.59
ORD100233,2019-09-13 05:57:49,2019,East,Clothing,Website,Home Office,UPI,2,1620.52,0.129,185.08,4.5,0,3038.69
ORD100234,2019-01-09 07:06:28,2019,West,Sports,Website,Consumer,Net Banking,3,1825.2,0.107,201.15,3.6,0,4911.28
ORD100235,2020-06-06 10:33:07,2020,East,Clothing,Mobile App,Home Office,Net Banking,5,1278.51,0.274,211.59,4.3,0,4948.75
ORD100236,2022-01-06 16:46:21,2022,Central,Books,Marketplace,Corporate,UPI,3,687.47,0.276,76.05,4.3,0,1744.11
ORD100237,2024-03-15 15:25:14,2024,East,Clothing,Website,Consumer,UPI,2,1061.11,0.195,148.64,3.5,0,2046.08
ORD100238,2022-03-11 01:01:43,2022,North,Electronics,Marketplace,Home Office,UPI,7,1683.86,0.033,228.0,3.0,0,10836.65
ORD100239,2019-03-01 03:30:21,2019,North,Home & Kitchen,Marketplace,Consumer,Debit Card,1,1694.39,0.145,116.23,2.7,1,1522.8
ORD100240,2020-06-21 15:26:16,2020,West,Sports,Marketplace,Consumer,Debit Card,2,1591.48,0.074,124.57,4.0,0,2883.98
ORD100241,2025-11-07 21:33:21,2025,North,Electronics,Mobile App,Home Office,Credit Card,7,2075.25,0.265,246.66,4.2,0,10606.23
ORD100242,2025-11-30 09:14:40,2025,South,Electronics,Website,Consumer,COD,6,2789.9,0.042,54.87,3.2,0,15325.84
ORD100243,2021-08-21 23:33:47,2021,North,Books,Mobile App,Corporate,Credit Card,1,489.55,0.016,185.23,4.7,0,737.34
ORD100244,2024-08-19 13:02:06,2024,South,Beauty,Website,Consumer,Debit Card,6,814.2,0.211,217.04,4.1,0,4262.29
ORD100245,2024-01-13 13:30:28,2024,East,Home & Kitchen,Marketplace,Consumer,Debit Card,7,1978.48,0.136,63.17,4.9,0,12337.39
ORD100246,2025-07-08 07:44:10,2025,North,Sports,Mobile App,Consumer,Credit Card,1,1128.19,0.252,187.18,4.2,0,981.64
ORD100247,2023-05-27 01:31:35,2023,East,Books,Mobile App,Consumer,COD,3,632.59,0.022,133.34,3.3,0,2283.13
ORD100248,2021-10-05 16:10:33,2021,Central,Home & Kitchen,Mobile App,Corporate,COD,4,1723.69,0.24,217.64,4.3,0,6593.2
ORD100249,2023-05-21 17:45:27,2023,North,Beauty,Marketplace,Corporate,UPI,1,1158.99,0.011,229.64,4.4,0,1378.82
ORD100250,2021-03-26 16:51:48,2021,North,Electronics,Mobile App,Consumer,Debit Card,2,2486.62,0.008,221.95,3.6,0,5886.66
ORD100251,2021-06-08 17:16:08,2021,South,Clothing,Marketplace,Corporate,UPI,2,1012.33,0.138,44.16,3.1,0,1983.13
ORD100252,2023-04-05 22:36:56,2023,Central,Beauty,Marketplace,Consumer,Debit Card,2,720.85,0.066,196.51,4.1,0,1523.74
ORD100253,2022-12-31 11:53:07,2022,East,Clothing,Marketplace,Corporate,Net Banking,3,1038.04,0.178,232.74,3.3,0,3102.34
ORD100254,2023-01-25 00:12:43,2023,West,Books,Mobile App,Home Office,Debit Card,4,700.67,0.008,166.7,4.7,0,3058.51
ORD100255,2021-09-10 05:32:54,2021,North,Books,Marketplace,Home Office,Credit Card,2,619.43,0.011,162.19,3.7,0,1447.92
ORD100256,2023-03-19 03:16:14,2023,West,Clothing,Website,Home Office,Credit Card,3,1280.74,0.218,39.9,5.0,0,3090.14
ORD100257,2023-01-11 16:57:41,2023,North,Home & Kitchen,Website,Consumer,Credit Card,2,1548.48,0.063,218.33,2.6,0,3035.95
ORD100258,2022-07-12 22:31:30,2022,West,Clothing,Mobile App,Consumer,Credit Card,6,1599.65,0.197,40.21,4.1,0,6751.42
ORD100259,2022-04-10 06:55:26,2022,North,Beauty,Marketplace,Home Office,Credit Card,2,774.77,0.225,98.97,4.9,0,1354.69
ORD100260,2019-06-22 23:54:36,2019,Central,Electronics,Website,Consumer,Net Banking,7,2505.08,0.018,233.69,3.4,0,16931.89
ORD100261,2020-05-17 20:57:08,2020,South,Home & Kitchen,Mobile App,Home Office,UPI,4,2105.69,0.231,238.94,3.9,0,7419.39
ORD100262,2021-05-14 00:34:26,2021,North,Beauty,Website,Corporate,UPI,6,820.85,0.081,248.22,3.7,0,5355.06
ORD100263,2021-08-22 03:19:25,2021,South,Beauty,Mobile App,Consumer,Debit Card,5,924.93,0.117,134.81,3.6,0,4265.1
ORD100264,2021-07-16 00:36:00,2021,North,Beauty,Website,Home Office,Net Banking,2,785.38,0.026,69.03,4.2,0,1729.81
ORD100265,2021-10-04 08:05:55,2021,North,Clothing,Marketplace,Corporate,Credit Card,5,1245.93,0.252,137.35,3.2,0,5265.82
ORD100266,2024-05-19 08:29:36,2024,East,Sports,Marketplace,Home Office,Credit Card,2,1921.24,0.168,52.51,3.9,0,3291.99
ORD100267,2019-12-02 02:43:53,2019,South,Sports,Marketplace,Corporate,Net Banking,1,1696.84,0.151,221.96,4.3,0,1775.74
ORD100268,2021-04-29 06:07:47,2021,South,Sports,Marketplace,Consumer,Credit Card,2,1823.46,0.291,153.32,3.9,0,3107.88
ORD100269,2020-02-21 07:11:21,2020,Central,Home & Kitchen,Website,Home Office,Net Banking,2,1885.19,0.1,118.99,3.3,0,3311.92
ORD100270,2021-02-25 17:24:33,2021,North,Books,Mobile App,Consumer,UPI,1,484.81,0.267,47.5,4.7,0,408.16
ORD100271,2023-10-16 17:46:32,2023,South,Home & Kitchen,Website,Corporate,UPI,1,2055.75,0.216,119.15,4.5,0,1684.29
ORD100272,2019-04-30 12:40:37,2019,North,Sports,Mobile App,Corporate,Debit Card,7,1537.97,0.279,220.56,3.3,0,9487.44
ORD100273,2021-05-17 16:55:24,2021,East,Clothing,Mobile App,Home Office,Credit Card,4,1101.45,0.272,184.75,3.2,0,3363.55
ORD100274,2019-03-02 13:01:11,2019,South,Clothing,Marketplace,Home Office,Net Banking,3,1269.89,0.297,48.14,3.4,0,2623.81
ORD100275,2024-02-02 20:58:32,2024,North,Beauty,Website,Corporate,Debit Card,7,989.25,0.04,65.18,4.4,0,6950.12
ORD100276,2020-09-14 15:11:55,2020,North,Beauty,Marketplace,Home Office,Credit Card,2,1038.99,0.239,116.31,4.2,0,1706.17
ORD100277,2020-05-21 14:12:38,2020,Central,Sports,Mobile App,Consumer,UPI,3,1325.66,0.241,52.3,4.5,0,2874.1
ORD100278,2019-09-10 20:25:29,2019,North,Clothing,Marketplace,Consumer,UPI,6,1601.34,0.193,235.49,3.8,0,6555.44
ORD100279,2022-04-23 16:20:34,2022,West,Books,Mobile App,Home Office,Net Banking,5,527.31,0.084,173.5,3.4,0,2790.72
ORD100280,2024-04-09 22:59:02,2024,Central,Clothing,Mobile App,Corporate,Credit Card,3,1168.86,0.29,50.86,4.6,0,2371.04
ORD100281,2023-02-02 05:47:24,2023,East,Beauty,Marketplace,Corporate,Debit Card,2,771.58,0.061,203.37,3.6,0,1906.54
ORD100282,2021-05-28 19:09:12,2021,South,Books,Marketplace,Consumer,COD,1,655.76,0.15,111.05,4.1,0,751.79
ORD100283,2020-12-11 20:35:08,2020,West,Beauty,Website,Consumer,COD,1,850.31,0.156,83.87,3.0,0,791.0
ORD100284,2022-05-06 21:36:09,2022,Central,Sports,Mobile App,Home Office,Credit Card,2,1523.8,0.049,155.4,3.6,1,3505.98
ORD100285,2025-10-29 17:57:21,2025,North,Books,Website,Home Office,UPI,6,479.9,0.217,32.94,4.7,0,2283.09
ORD100286,2020-04-19 19:38:15,2020,Central,Books,Mobile App,Home Office,Net Banking,5,620.04,0.027,132.39,3.5,0,3693.83
ORD100287,2022-05-08 23:35:53,2022,Central,Home & Kitchen,Marketplace,Corporate,Net Banking,4,2123.22,0.208,215.64,4.5,0,7223.73
ORD100288,2022-08-27 06:19:21,2022,North,Home & Kitchen,Marketplace,Corporate,Credit Card,6,1686.03,0.255,234.17,2.5,0,6804.63
ORD100289,2019-05-26 19:27:06,2019,North,Clothing,Website,Consumer,Debit Card,2,1650.73,0.105,105.36,3.6,0,3040.61
ORD100290,2022-04-12 06:33:01,2022,West,Beauty,Mobile App,Consumer,UPI,2,690.15,0.213,171.34,3.9,0,1486.65
ORD100291,2022-03-08 05:15:33,2022,North,Books,Mobile App,Corporate,Net Banking,3,452.72,0.047,79.9,5.0,0,1609.58
ORD100292,2020-10-25 03:04:39,2020,West,Home & Kitchen,Mobile App,Corporate,Net Banking,7,1932.9,0.254,153.25,3.2,0,11034.78
ORD100293,2019-11-24 02:05:18,2019,North,Home & Kitchen,Website,Consumer,Credit Card,5,2044.39,0.286,85.89,4.4,0,7578.67
ORD100294,2019-04-26 11:05:58,2019,West,Electronics,Website,Corporate,Debit Card,6,1953.33,0.046,155.7,4.7,0,13194.66
ORD100295,2019-01-22 22:26:12,2019,South,Home & Kitchen,Mobile App,Corporate,Credit Card,2,1898.53,0.208,67.78,3.5,0,3430.24
ORD100296,2022-05-15 16:36:17,2022,North,Clothing,Mobile App,Home Office,UPI,6,1202.65,0.152,237.07,3.8,0,7999.3
ORD100297,2019-08-18 15:12:53,2019,North,Books,Marketplace,Home Office,UPI,1,580.11,0.159,225.12,4.1,0,683.48
ORD100298,2025-09-18 01:17:00,2025,North,Beauty,Mobile App,Corporate,COD,2,1001.37,0.212,104.12,3.0,0,2041.08
ORD100299,2020-09-17 13:46:11,2020,East,Electronics,Mobile App,Corporate,Debit Card,4,2827.1,0.147,200.87,3.7,1,11734.23
ORD100300,2023-07-26 20:08:16,2023,North,Electronics,Mobile App,Home Office,UPI,1,2201.39,0.18,51.01,4.8,0,1822.32
ORD100301,2023-09-18 10:27:45,2023,Central,Books,Marketplace,Home Office,UPI,7,608.59,0.069,192.88,4.3,0,4017.81
ORD100302,2022-06-20 12:21:15,2022,West,Books,Mobile App,Consumer,Credit Card,7,587.36,0.114,92.14,3.9,1,4200.7
ORD100303,2025-03-08 12:19:57,2025,South,Sports,Mobile App,Home Office,COD,4,1386.98,0.26,59.84,4.1,0,4382.1
ORD100304,2019-10-10 22:17:40,2019,Central,Electronics,Website,Consumer,Credit Card,3,1956.21,0.033,179.2,4.4,0,6012.49
ORD100305,2020-08-21 04:26:08,2020,West,Electronics,Marketplace,Corporate,COD,1,2845.32,0.179,133.36,4.5,0,2317.88
ORD100306,2020-10-07 05:27:06,2020,West,Clothing,Marketplace,Consumer,Debit Card,5,1122.9,0.055,146.63,3.6,0,5738.47
ORD100307,2019-12-13 02:51:44,2019,North,Sports,Website,Home Office,Net Banking,4,1776.98,0.254,144.52,5.0,1,5572.21
ORD100308,2021-01-23 10:36:47,2021,West,Sports,Mobile App,Consumer,Net Banking,6,1245.93,0.174,43.08,4.9,0,6433.58
ORD100309,2021-03-10 05:29:06,2021,East,Books,Website,Home Office,UPI,5,655.82,0.121,41.3,4.4,1,3008.02
ORD100310,2024-05-08 20:06:32,2024,Central,Electronics,Marketplace,Consumer,UPI,1,1874.73,0.075,162.26,3.5,0,1834.3
ORD100311,2021-02-09 22:58:44,2021,East,Electronics,Website,Consumer,COD,1,2820.26,0.131,167.25,3.3,0,2494.09
ORD100312,2025-02-18 20:56:49,2025,West,Books,Website,Corporate,COD,6,620.01,0.287,40.38,3.8,0,2851.93
ORD100313,2024-05-28 22:55:11,2024,South,Books,Website,Home Office,UPI,2,439.76,0.153,113.26,4.0,0,826.34
ORD100314,2025-04-23 14:19:04,2025,North,Sports,Mobile App,Consumer,Net Banking,7,1696.87,0.141,164.83,2.9,0,12663.82
ORD100315,2019-09-26 22:53:57,2019,North,Electronics,Website,Consumer,COD,1,2380.38,0.224,174.47,4.3,0,2169.12
ORD100316,2025-11-21 13:22:36,2025,Central,Electronics,Mobile App,Consumer,COD,6,2058.43,0.114,212.22,4.8,0,10702.21
ORD100317,2023-04-19 06:56:13,2023,West,Electronics,Marketplace,Corporate,Credit Card,7,1965.49,0.128,122.56,4.4,0,15221.84
ORD100318,2025-11-15 22:18:06,2025,South,Sports,Marketplace,Consumer,COD,4,1717.98,0.101,150.62,3.6,0,6109.32
ORD100319,2021-06-25 23:26:42,2021,West,Books,Website,Home Office,Net Banking,1,636.76,0.045,157.28,3.5,0,767.19
ORD100320,2025-09-01 20:46:43,2025,North,Beauty,Website,Consumer,COD,7,836.97,0.214,98.65,4.2,0,5041.33
ORD100321,2023-02-13 11:25:24,2023,North,Clothing,Website,Home Office,UPI,2,1601.5,0.262,41.84,3.9,0,2026.53
ORD100322,2019-07-03 13:51:26,2019,East,Sports,Marketplace,Home Office,Net Banking,4,1346.78,0.272,30.93,4.3,0,3877.81
ORD100323,2021-11-14 06:40:33,2021,West,Electronics,Mobile App,Home Office,UPI,7,1734.54,0.264,213.95,4.4,0,9079.81
ORD100324,2019-12-19 04:48:23,2019,Central,Sports,Mobile App,Home Office,Credit Card,6,1619.89,0.136,74.05,4.7,0,8954.98
ORD100325,2025-08-02 21:51:44,2025,West,Books,Marketplace,Home Office,UPI,1,444.89,0.085,168.66,3.3,0,592.77
ORD100326,2021-02-17 05:11:40,2021,South,Sports,Mobile App,Consumer,Debit Card,6,1353.25,0.191,156.95,4.1,0,6951.41
ORD100327,2020-07-22 08:31:22,2020,Central,Books,Website,Corporate,COD,2,565.92,0.286,117.92,3.8,0,990.25
ORD100328,2022-11-14 04:59:25,2022,East,Beauty,Mobile App,Home Office,Net Banking,6,816.75,0.218,213.37,3.9,0,4565.88
ORD100329,2021-12-22 17:06:20,2021,Central,Home & Kitchen,Marketplace,Corporate,Credit Card,5,1562.85,0.148,183.65,4.6,0,7566.89
ORD100330,2019-09-05 21:00:41,2019,North,Clothing,Website,Home Office,Debit Card,3,1477.78,0.207,35.0,4.6,0,3562.4
ORD100331,2024-09-17 23:00:49,2024,North,Books,Mobile App,Home Office,Credit Card,3,577.97,0.232,200.87,4.9,0,1612.66
ORD100332,2024-12-01 20:34:06,2024,North,Sports,Mobile App,Home Office,Net Banking,1,1817.8,0.276,141.54,4.3,0,1738.58
ORD100333,2024-03-14 00:16:21,2024,Central,Clothing,Website,Consumer,Credit Card,7,1390.59,0.229,106.34,3.9,0,7716.48
ORD100334,2023-04-26 10:17:27,2023,North,Books,Website,Corporate,UPI,2,558.74,0.13,189.91,3.8,0,1203.44
ORD100335,2021-10-25 22:29:59,2021,Central,Electronics,Mobile App,Consumer,Debit Card,3,1966.12,0.082,180.93,2.9,0,4930.71
ORD100336,2022-10-18 06:48:06,2022,West,Beauty,Mobile App,Consumer,COD,4,1067.07,0.15,98.33,4.9,0,3430.86
ORD100337,2022-08-24 16:00:14,2022,North,Clothing,Website,Consumer,Debit Card,5,1115.76,0.098,246.27,3.8,0,5081.15
ORD100338,2020-02-27 12:51:28,2020,Central,Beauty,Mobile App,Corporate,Credit Card,4,794.9,0.283,172.72,4.3,0,2730.76
ORD100339,2019-07-29 02:45:05,2019,North,Home & Kitchen,Mobile App,Corporate,UPI,4,2183.17,0.152,163.27,4.4,0,8123.18
ORD100340,2020-10-09 07:42:13,2020,North,Home & Kitchen,Mobile App,Home Office,COD,5,2083.78,0.142,45.37,3.2,0,9606.68
ORD100341,2022-03-07 06:38:03,2022,East,Sports,Marketplace,Home Office,Net Banking,7,1630.62,0.104,91.45,3.4,0,9849.4
ORD100342,2020-02-14 18:10:51,2020,South,Sports,Website,Home Office,UPI,3,1157.11,0.192,128.33,5.0,0,2718.58
ORD100343,2019-09-30 15:24:48,2019,South,Home & Kitchen,Mobile App,Consumer,UPI,6,1475.99,0.156,168.74,4.2,0,8338.44
ORD100344,2024-12-17 12:59:15,2024,North,Books,Website,Corporate,UPI,6,563.74,0.039,142.81,3.6,0,4066.26
ORD100345,2021-08-16 11:47:58,2021,West,Home & Kitchen,Marketplace,Home Office,Credit Card,7,2088.88,0.261,197.87,3.9,0,10028.99
ORD100346,2023-02-02 06:52:25,2023,North,Electronics,Website,Consumer,COD,7,2211.56,0.108,87.76,4.7,0,14167.71
ORD100347,2022-09-01 09:59:20,2022,South,Electronics,Marketplace,Corporate,UPI,6,1670.92,0.13,184.47,4.6,1,8153.26
ORD100348,2024-02-22 23:46:46,2024,East,Clothing,Website,Home Office,COD,2,1106.75,0.062,209.65,3.0,0,2016.27
ORD100349,2024-03-05 23:02:13,2024,East,Sports,Website,Home Office,UPI,6,1610.73,0.166,198.31,5.0,0,7869.43
ORD100350,2021-01-26 15:50:23,2021,West,Beauty,Mobile App,Home Office,Net Banking,6,1018.64,0.211,199.59,4.6,0,5696.87
ORD100351,2024-12-07 06:01:52,2024,South,Home & Kitchen,Marketplace,Corporate,Credit Card,3,1383.09,0.264,225.47,3.9,0,3321.06
ORD100352,2021-08-06 22:07:18,2021,West,Home & Kitchen,Website,Corporate,COD,5,1392.9,0.015,48.52,3.2,0,6974.1
ORD100353,2024-11-04 18:53:43,2024,West,Books,Website,Corporate,Debit Card,2,491.55,0.292,183.38,4.7,0,952.51
ORD100354,2021-10-31 19:25:22,2021,South,Beauty,Marketplace,Home Office,Credit Card,4,716.33,0.211,243.11,4.3,0,2511.29
ORD100355,2019-10-11 16:49:24,2019,South,Electronics,Website,Corporate,Credit Card,6,2305.75,0.085,156.2,3.1,0,12970.69
ORD100356,2024-04-26 14:21:30,2024,East,Electronics,Website,Corporate,COD,2,1799.68,0.061,77.81,3.8,1,4327.57
ORD100357,2019-03-19 02:12:59,2019,East,Home & Kitchen,Marketplace,Consumer,Debit Card,3,1991.74,0.089,249.73,5.0,0,5572.28
ORD100358,2024-05-28 03:13:18,2024,North,Home & Kitchen,Website,Corporate,Credit Card,6,2119.45,0.263,68.43,4.0,1,10288.55
ORD100359,2019-04-21 07:46:07,2019,East,Books,Marketplace,Consumer,Net Banking,4,706.08,0.087,103.82,3.5,0,2596.21
ORD100360,2020-06-12 14:46:08,2020,North,Beauty,Marketplace,Corporate,Debit Card,7,1144.46,0.139,67.85,3.3,0,7787.55
ORD100361,2023-03-23 04:48:06,2023,East,Sports,Marketplace,Home Office,Net Banking,1,1350.53,0.212,132.19,5.0,0,1314.61
ORD100362,2025-08-03 13:45:34,2025,Central,Beauty,Website,Home Office,Debit Card,6,689.56,0.262,122.15,4.6,0,3598.15
ORD100363,2021-11-10 01:39:24,2021,East,Home & Kitchen,Website,Corporate,UPI,6,1676.12,0.198,138.07,4.9,0,8319.55
ORD100364,2019-11-05 09:28:51,2019,West,Beauty,Mobile App,Home Office,UPI,7,1025.7,0.226,234.16,4.2,0,6553.45
ORD100365,2020-08-18 07:34:21,2020,South,Beauty,Mobile App,Home Office,UPI,2,704.6,0.052,135.23,4.8,0,1597.28
ORD100366,2025-04-09 11:42:46,2025,Central,Sports,Marketplace,Corporate,Debit Card,7,1421.76,0.263,143.22,3.4,0,8706.0
ORD100367,2024-02-01 12:52:51,2024,Central,Clothing,Mobile App,Home Office,Debit Card,3,1188.09,0.083,225.07,4.1,0,3606.55
ORD100368,2019-09-14 14:40:13,2019,Central,Beauty,Marketplace,Corporate,Net Banking,3,783.58,0.039,209.91,4.2,0,2626.57
ORD100369,2021-09-10 19:08:09,2021,West,Clothing,Marketplace,Home Office,COD,3,1479.88,0.293,82.74,4.9,0,3462.73
ORD100370,2020-11-07 03:55:48,2020,West,Sports,Marketplace,Corporate,UPI,5,1668.76,0.06,32.84,4.2,0,9155.73
ORD100371,2020-03-30 12:55:28,2020,East,Sports,Website,Consumer,COD,5,1566.78,0.041,168.49,3.6,1,8643.34
ORD100372,2024-12-03 14:22:45,2024,Central,Beauty,Website,Consumer,COD,4,1125.83,0.188,215.87,4.0,0,3934.09
ORD100373,2023-04-28 20:54:10,2023,Central,Books,Website,Home Office,Net Banking,1,443.7,0.096,151.63,2.9,0,548.0
ORD100374,2020-04-03 18:45:42,2020,East,Beauty,Mobile App,Consumer,Debit Card,7,749.1,0.04,76.46,2.5,0,4268.91
ORD100375,2023-07-22 04:14:26,2023,North,Electronics,Website,Home Office,UPI,2,2113.97,0.18,193.1,4.5,0,3188.24
ORD100376,2021-11-23 01:54:40,2021,North,Beauty,Marketplace,Consumer,UPI,1,999.66,0.228,177.3,3.8,1,919.1
ORD100377,2019-06-07 03:13:39,2019,South,Sports,Website,Corporate,UPI,5,1606.87,0.238,154.31,3.8,0,6181.49
ORD100378,2020-04-18 10:51:49,2020,North,Electronics,Marketplace,Corporate,Net Banking,3,1739.59,0.047,219.93,4.5,0,5974.21
ORD100379,2020-09-18 21:09:59,2020,South,Electronics,Marketplace,Corporate,Debit Card,5,2809.69,0.167,202.53,4.9,0,11509.83
ORD100380,2025-02-24 17:15:00,2025,North,Clothing,Website,Consumer,UPI,7,1193.12,0.244,176.95,4.3,0,6230.63
ORD100381,2023-12-21 09:16:53,2023,Central,Books,Website,Consumer,UPI,1,521.09,0.048,176.25,5.0,0,647.47
ORD100382,2019-12-09 17:42:10,2019,North,Beauty,Mobile App,Corporate,UPI,2,983.7,0.062,175.68,4.3,0,2488.89
ORD100383,2024-12-16 00:16:21,2024,West,Books,Mobile App,Corporate,Net Banking,4,698.41,0.001,145.54,4.2,0,3137.67
ORD100384,2023-01-07 22:18:36,2023,South,Books,Website,Home Office,Net Banking,6,612.96,0.157,132.06,4.2,0,3349.42
ORD100385,2025-02-13 09:56:14,2025,North,Beauty,Mobile App,Corporate,Net Banking,5,1147.61,0.058,186.11,3.2,0,6378.55
ORD100386,2024-03-24 12:35:36,2024,West,Sports,Website,Consumer,UPI,3,1279.76,0.217,164.31,4.6,0,3399.58
ORD100387,2021-05-17 07:22:39,2021,Central,Clothing,Website,Consumer,UPI,5,1417.45,0.289,137.8,2.4,0,5528.94
ORD100388,2022-09-29 02:58:03,2022,West,Electronics,Marketplace,Corporate,UPI,7,2652.94,0.063,57.87,3.6,0,18804.76
ORD100389,2022-09-18 20:29:11,2022,Central,Home & Kitchen,Marketplace,Corporate,Net Banking,4,1853.93,0.195,184.42,4.0,0,5744.48
ORD100390,2024-01-15 04:05:33,2024,East,Beauty,Website,Home Office,Net Banking,7,854.28,0.064,172.12,3.5,0,5662.38
ORD100391,2020-09-26 22:14:32,2020,West,Clothing,Marketplace,Corporate,Credit Card,6,1679.1,0.005,105.29,3.7,0,10922.43
ORD100392,2021-05-01 08:58:25,2021,North,Clothing,Mobile App,Corporate,UPI,3,1075.81,0.228,108.39,5.0,0,2987.09
ORD100393,2020-09-17 16:47:47,2020,Central,Electronics,Mobile App,Consumer,Credit Card,2,2147.22,0.13,84.28,4.7,0,3738.83
ORD100394,2021-01-26 22:35:22,2021,West,Sports,Website,Consumer,COD,6,1845.53,0.284,241.62,3.6,0,8915.73
ORD100395,2020-02-17 03:58:09,2020,South,Books,Mobile App,Home Office,UPI,2,684.9,0.16,219.24,3.7,0,1426.22
ORD100396,2019-04-04 09:54:18,2019,South,Sports,Mobile App,Corporate,Net Banking,3,1933.82,0.047,153.43,3.2,0,5912.27
ORD100397,2025-07-30 16:31:34,2025,West,Home & Kitchen,Mobile App,Corporate,Debit Card,2,2226.0,0.135,118.36,4.5,0,4294.93
ORD100398,2019-07-09 22:48:24,2019,North,Beauty,Website,Corporate,UPI,5,700.22,0.061,192.1,3.8,0,4337.82
ORD100399,2025-03-19 16:47:12,2025,Central,Books,Website,Consumer,COD,3,693.75,0.263,146.1,2.7,0,1769.28
ORD100400,2019-01-08 20:48:29,2019,South,Beauty,Mobile App,Corporate,Debit Card,5,886.94,0.207,244.69,4.1,0,4579.18
ORD100401,2024-06-09 22:17:34,2024,North,Clothing,Website,Corporate,Net Banking,7,1440.91,0.102,42.13,4.3,0,9008.74
ORD100402,2021-04-19 09:37:26,2021,South,Home & Kitchen,Website,Consumer,UPI,6,1740.33,0.158,37.54,4.6,0,8343.13
ORD100403,2022-08-16 03:25:42,2022,Central,Sports,Mobile App,Corporate,Credit Card,7,1796.28,0.201,155.09,4.0,0,10833.87
ORD100404,2020-12-22 08:33:28,2020,South,Home & Kitchen,Marketplace,Corporate,Net Banking,1,1920.16,0.235,74.72,3.8,0,1691.73
ORD100405,2022-06-07 23:51:07,2022,East,Books,Mobile App,Consumer,Net Banking,4,668.28,0.024,162.95,5.0,0,2842.65
ORD100406,2022-02-28 04:37:07,2022,Central,Books,Website,Corporate,UPI,2,471.12,0.007,201.91,4.0,0,1180.44
ORD100407,2022-09-16 00:43:05,2022,North,Electronics,Marketplace,Home Office,Net Banking,7,1873.83,0.034,60.38,4.5,0,12360.42
ORD100408,2021-10-02 05:32:23,2021,West,Sports,Mobile App,Consumer,COD,5,1488.31,0.118,126.93,3.6,0,6516.01
ORD100409,2022-10-03 11:13:41,2022,South,Home & Kitchen,Marketplace,Home Office,Net Banking,3,1354.7,0.14,181.51,4.4,0,3623.75
ORD100410,2024-10-10 20:55:01,2024,West,Beauty,Website,Corporate,Credit Card,4,1017.96,0.041,213.45,3.1,0,4843.93
ORD100411,2022-01-15 17:50:16,2022,North,Clothing,Mobile App,Home Office,COD,5,1186.68,0.123,139.2,3.7,0,4883.87
ORD100412,2021-07-12 16:12:09,2021,North,Home & Kitchen,Website,Consumer,Net Banking,4,1901.73,0.132,75.35,3.2,0,6863.25
ORD100413,2019-12-03 18:22:06,2019,West,Clothing,Mobile App,Home Office,UPI,4,1025.05,0.033,158.88,3.6,0,4762.24
ORD100414,2021-07-08 10:31:57,2021,Central,Electronics,Website,Corporate,UPI,1,1856.48,0.275,129.99,4.8,0,1570.66
ORD100415,2019-11-18 04:43:24,2019,Central,Sports,Marketplace,Home Office,COD,4,1638.86,0.18,199.82,3.6,0,5339.39
ORD100416,2020-04-11 11:26:55,2020,West,Electronics,Website,Home Office,Credit Card,3,2019.85,0.117,152.23,4.5,0,5909.68
ORD100417,2025-08-30 22:48:23,2025,East,Home & Kitchen,Mobile App,Consumer,UPI,6,1562.57,0.152,91.47,5.0,0,7705.0
ORD100418,2019-08-17 13:02:35,2019,North,Clothing,Website,Consumer,Debit Card,7,1138.63,0.094,195.97,4.0,0,7403.66
ORD100419,2022-05-17 01:41:41,2022,South,Electronics,Marketplace,Consumer,Debit Card,6,1909.93,0.256,143.9,4.6,0,7948.62
ORD100420,2024-11-02 11:19:11,2024,West,Home & Kitchen,Mobile App,Corporate,Debit Card,1,1966.62,0.173,69.06,4.3,0,1619.43
ORD100421,2025-09-02 09:26:22,2025,South,Books,Marketplace,Home Office,Net Banking,6,463.23,0.148,153.88,4.1,1,2491.23
ORD100422,2020-01-11 00:00:55,2020,East,Books,Mobile App,Corporate,COD,3,522.22,0.273,238.63,4.5,0,1390.92
ORD100423,2020-02-23 02:27:35,2020,North,Home & Kitchen,Mobile App,Consumer,Net Banking,3,2031.01,0.251,185.21,5.0,0,4934.23
ORD100424,2021-08-10 08:34:59,2021,East,Beauty,Website,Consumer,UPI,7,929.27,0.244,95.74,3.6,0,5460.63
ORD100425,2022-11-18 02:07:44,2022,South,Books,Mobile App,Corporate,UPI,7,593.18,0.068,186.39,3.4,0,5231.86
ORD100426,2025-09-19 06:26:17,2025,North,Clothing,Mobile App,Home Office,UPI,1,1154.4,0.046,92.17,3.3,0,1250.5
ORD100427,2020-06-14 22:12:25,2020,North,Books,Website,Consumer,Credit Card,3,694.65,0.207,149.39,4.6,0,1948.88
ORD100428,2020-02-25 04:39:09,2020,East,Electronics,Mobile App,Corporate,Credit Card,6,2150.79,0.141,145.85,4.7,0,13017.33
ORD100429,2020-10-09 03:21:23,2020,South,Clothing,Website,Corporate,COD,4,1180.18,0.205,84.43,3.7,0,4017.37
ORD100430,2025-02-12 18:15:04,2025,North,Home & Kitchen,Website,Consumer,Credit Card,2,2245.28,0.228,106.53,2.6,0,3023.03
ORD100431,2019-03-18 19:40:05,2019,East,Electronics,Website,Home Office,UPI,4,2442.9,0.089,237.28,3.6,0,10328.4
ORD100432,2021-08-29 14:54:38,2021,North,Sports,Mobile App,Home Office,COD,7,1631.51,0.085,85.13,4.4,0,10036.78
ORD100433,2019-11-01 01:04:18,2019,North,Books,Website,Corporate,Credit Card,2,680.74,0.147,206.23,4.0,0,1640.35
ORD100434,2020-02-06 11:28:49,2020,North,Home & Kitchen,Website,Home Office,COD,6,1407.95,0.082,176.82,4.1,0,8272.47
ORD100435,2025-06-01 11:08:55,2025,East,Books,Mobile App,Home Office,Net Banking,6,665.9,0.2,147.18,3.7,0,3205.72
ORD100436,2019-01-05 05:55:38,2019,Central,Sports,Website,Home Office,COD,7,1684.24,0.224,60.25,4.7,0,9438.89
ORD100437,2021-04-01 20:07:11,2021,South,Sports,Website,Consumer,COD,3,1421.99,0.142,75.01,4.2,0,4372.57
ORD100438,2025-05-28 19:47:55,2025,South,Sports,Mobile App,Consumer,UPI,2,1336.49,0.217,69.38,4.4,1,2525.08
ORD100439,2023-04-04 09:04:42,2023,South,Beauty,Website,Corporate,Net Banking,4,726.88,0.153,159.09,4.1,0,2715.36
ORD100440,2019-07-03 09:45:04,2019,South,Electronics,Marketplace,Consumer,Debit Card,4,2788.7,0.214,244.14,4.3,0,8498.52
ORD100441,2022-04-03 13:49:36,2022,West,Books,Mobile App,Consumer,Net Banking,3,455.43,0.067,222.99,4.3,0,1570.13
ORD100442,2025-10-17 17:42:36,2025,South,Beauty,Marketplace,Corporate,Net Banking,6,803.42,0.222,35.56,3.4,0,4034.66
ORD100443,2021-10-20 13:16:52,2021,West,Books,Marketplace,Corporate,Debit Card,6,621.56,0.215,90.22,4.2,0,3572.0
ORD100444,2022-09-13 04:21:29,2022,Central,Books,Marketplace,Consumer,Credit Card,2,627.32,0.08,64.6,4.5,0,1290.98
ORD100445,2022-09-21 12:01:13,2022,Central,Clothing,Mobile App,Consumer,COD,6,1089.95,0.167,244.65,4.8,0,5118.47
ORD100446,2023-08-16 02:28:06,2023,East,Home & Kitchen,Mobile App,Consumer,Net Banking,2,2155.99,0.257,81.83,4.3,0,3542.45
ORD100447,2020-04-23 13:59:08,2020,West,Clothing,Marketplace,Corporate,COD,3,1339.86,0.075,74.29,3.4,0,4037.1
ORD100448,2024-11-16 05:36:18,2024,Central,Electronics,Website,Home Office,Credit Card,1,2676.63,0.221,166.59,3.5,0,2258.37
ORD100449,2025-12-01 20:55:03,2025,West,Books,Marketplace,Corporate,COD,3,438.9,0.286,152.36,3.7,0,1203.39
ORD100450,2019-12-31 08:47:56,2019,South,Books,Website,Consumer,Credit Card,7,425.46,0.26,79.69,4.1,0,2502.54
ORD100451,2024-09-22 14:16:40,2024,North,Books,Website,Corporate,Debit Card,4,605.19,0.12,177.48,3.9,0,2687.33
ORD100452,2024-09-19 00:30:11,2024,North,Books,Website,Consumer,COD,5,457.88,0.182,51.34,3.3,0,1808.67
ORD100453,2024-03-10 13:36:28,2024,Central,Beauty,Website,Consumer,Credit Card,1,934.85,0.298,34.26,3.3,0,687.29
ORD100454,2021-08-05 23:03:28,2021,East,Beauty,Website,Consumer,Credit Card,5,681.98,0.171,48.13,2.6,0,2771.8
ORD100455,2022-04-13 03:34:13,2022,South,Books,Marketplace,Corporate,COD,3,648.43,0.035,110.27,2.0,0,1857.67
ORD100456,2024-11-15 00:35:00,2024,South,Beauty,Website,Corporate,COD,6,1120.27,0.014,244.5,3.9,0,7356.83
ORD100457,2024-10-19 06:32:06,2024,South,Beauty,Marketplace,Corporate,Credit Card,7,1090.25,0.237,150.39,5.0,0,7403.36
ORD100458,2025-06-11 05:19:35,2025,Central,Clothing,Mobile App,Corporate,Credit Card,4,1660.22,0.127,196.04,5.0,0,5809.91
ORD100459,2023-10-09 20:33:26,2023,West,Sports,Marketplace,Corporate,Credit Card,1,1870.05,0.074,100.73,3.4,0,1975.18
ORD100460,2021-05-22 14:02:53,2021,Central,Sports,Mobile App,Home Office,UPI,4,1491.31,0.104,188.25,4.1,0,5728.61
ORD100461,2022-11-30 04:33:39,2022,South,Sports,Website,Home Office,Debit Card,1,1453.64,0.227,242.56,3.0,0,1397.67
ORD100462,2019-05-09 01:44:41,2019,East,Home & Kitchen,Website,Consumer,Credit Card,4,2237.22,0.14,108.71,3.1,0,7203.64
ORD100463,2025-07-09 16:34:07,2025,North,Clothing,Mobile App,Home Office,COD,1,1637.76,0.261,249.79,3.2,0,1345.38
ORD100464,2021-05-25 04:24:40,2021,Central,Electronics,Marketplace,Consumer,UPI,5,2827.13,0.22,170.45,3.9,0,9961.45
ORD100465,2019-05-26 22:38:28,2019,East,Beauty,Website,Consumer,Net Banking,3,1055.32,0.292,194.69,3.9,1,2695.58
ORD100466,2024-07-23 15:10:19,2024,East,Sports,Mobile App,Corporate,Debit Card,2,1291.64,0.267,85.48,4.2,0,2048.09
ORD100467,2023-08-08 17:15:12,2023,East,Sports,Marketplace,Consumer,Net Banking,1,1904.59,0.076,171.48,4.4,0,1854.13
ORD100468,2023-05-11 15:26:42,2023,South,Books,Marketplace,Corporate,UPI,7,699.01,0.198,142.42,3.8,0,5131.48
ORD100469,2019-05-19 06:30:41,2019,Central,Home & Kitchen,Mobile App,Consumer,Debit Card,6,2009.47,0.006,240.41,4.0,0,11967.06
ORD100470,2024-04-03 03:26:31,2024,East,Sports,Website,Corporate,Net Banking,6,1832.26,0.297,229.03,3.3,0,8829.49
ORD100471,2023-06-17 23:36:02,2023,West,Sports,Website,Home Office,Credit Card,1,1587.97,0.078,117.27,3.1,0,1715.96
ORD100472,2024-07-21 12:46:08,2024,North,Clothing,Mobile App,Home Office,COD,3,1650.05,0.199,238.31,3.0,0,4726.74
ORD100473,2024-10-15 15:44:03,2024,South,Books,Mobile App,Consumer,Debit Card,7,440.92,0.255,224.66,4.4,0,2345.37
ORD100474,2020-06-25 18:08:37,2020,Central,Electronics,Website,Corporate,Credit Card,5,2695.4,0.048,159.88,3.8,0,13228.55
ORD100475,2020-06-22 09:28:57,2020,North,Beauty,Website,Corporate,UPI,1,702.47,0.254,48.07,2.8,0,632.83
ORD100476,2025-06-19 04:33:49,2025,North,Books,Mobile App,Corporate,UPI,1,515.08,0.004,65.37,4.0,0,749.91
ORD100477,2022-09-19 07:18:07,2022,Central,Beauty,Marketplace,Corporate,Debit Card,2,741.99,0.133,46.91,3.2,0,1352.46
ORD100478,2022-01-24 12:02:03,2022,South,Books,Website,Home Office,Debit Card,7,557.44,0.142,53.76,5.0,1,3267.4
ORD100479,2021-01-04 02:06:06,2021,South,Electronics,Mobile App,Corporate,COD,2,1931.02,0.112,244.93,3.6,0,4265.64
ORD100480,2023-06-22 07:39:11,2023,East,Beauty,Website,Consumer,Net Banking,7,1146.28,0.176,76.68,4.4,0,7019.96
ORD100481,2024-04-11 02:50:03,2024,North,Sports,Website,Home Office,UPI,5,1586.44,0.274,181.99,4.7,0,6264.06
ORD100482,2019-01-06 21:37:45,2019,North,Beauty,Mobile App,Home Office,Debit Card,7,1119.38,0.098,170.04,3.4,0,7017.63
ORD100483,2022-11-13 13:01:36,2022,North,Books,Website,Consumer,Debit Card,6,496.61,0.174,168.85,4.0,0,2518.12
ORD100484,2025-12-14 01:11:49,2025,North,Home & Kitchen,Website,Corporate,UPI,3,1375.72,0.263,75.47,4.4,0,3424.6
ORD100485,2020-12-18 07:35:05,2020,North,Sports,Marketplace,Home Office,Net Banking,6,1764.92,0.232,157.46,4.1,0,9127.37
ORD100486,2020-12-18 23:18:28,2020,West,Home & Kitchen,Website,Corporate,Debit Card,2,2045.35,0.012,167.62,4.2,0,4459.25
ORD100487,2025-02-22 12:02:19,2025,South,Books,Website,Corporate,UPI,3,577.51,0.283,155.49,3.1,0,1506.84
ORD100488,2019-06-08 15:11:57,2019,North,Electronics,Marketplace,Home Office,Debit Card,2,2636.56,0.014,70.96,4.4,0,4837.71
ORD100489,2021-10-13 01:32:17,2021,North,Clothing,Mobile App,Home Office,Net Banking,1,1575.66,0.177,189.07,3.7,0,1775.61
ORD100490,2024-08-01 09:06:39,2024,East,Electronics,Website,Corporate,Credit Card,1,2361.36,0.173,46.11,4.2,0,2185.52
ORD100491,2019-11-26 19:13:11,2019,Central,Sports,Mobile App,Consumer,Credit Card,2,1921.89,0.236,160.06,4.6,0,3498.26
ORD100492,2022-01-14 10:54:25,2022,South,Clothing,Mobile App,Corporate,UPI,1,1489.59,0.045,125.98,4.4,0,1743.48
ORD100493,2020-01-25 08:19:46,2020,North,Clothing,Website,Home Office,Credit Card,3,1458.97,0.054,85.06,4.2,0,4254.43
ORD100494,2024-07-06 04:42:27,2024,South,Books,Mobile App,Consumer,COD,1,521.83,0.226,207.63,4.4,0,559.65
ORD100495,2023-06-05 02:45:24,2023,East,Home & Kitchen,Mobile App,Corporate,Net Banking,1,1352.24,0.045,68.7,4.4,0,1264.8
ORD100496,2022-06-23 15:54:08,2022,North,Electronics,Website,Corporate,UPI,7,1941.54,0.141,235.26,5.0,0,14150.73
ORD100497,2021-10-01 07:44:16,2021,Central,Electronics,Marketplace,Consumer,Debit Card,1,2574.34,0.219,224.6,4.0,1,2249.12
ORD100498,2020-01-27 12:19:30,2020,West,Clothing,Mobile App,Corporate,UPI,1,1482.56,0.195,109.33,4.1,0,1487.46
ORD100499,2025-06-14 06:07:00,2025,South,Books,Marketplace,Home Office,Debit Card,1,512.63,0.063,97.13,4.6,0,519.77
ORD100500,2023-07-14 10:08:33,2023,Central,Beauty,Website,Consumer,UPI,1,984.66,0.091,60.25,3.7,0,886.29
ORD100501,2021-03-26 18:20:09,2021,South,Books,Website,Corporate,Net Banking,4,471.57,0.291,231.59,3.1,0,1838.5
ORD100502,2021-11-24 00:33:16,2021,North,Clothing,Marketplace,Home Office,Debit Card,6,1163.49,0.135,168.06,4.3,0,7070.62
ORD100503,2024-01-31 02:47:37,2024,Central,Home & Kitchen,Marketplace,Consumer,Net Banking,6,2287.93,0.013,36.99,3.9,0,12910.88
ORD100504,2024-01-14 04:58:38,2024,Central,Electronics,Website,Corporate,Debit Card,5,2149.95,0.066,142.42,3.2,0,11588.05
ORD100505,2022-03-24 13:41:00,2022,South,Home & Kitchen,Marketplace,Consumer,Credit Card,1,1592.54,0.103,48.88,4.3,0,1499.84
ORD100506,2021-02-13 05:07:20,2021,East,Beauty,Website,Corporate,Credit Card,6,916.12,0.3,156.23,4.9,1,4282.54
ORD100507,2023-08-14 20:03:09,2023,North,Sports,Mobile App,Corporate,Credit Card,1,1444.29,0.091,141.97,2.9,0,1876.16
ORD100508,2023-08-10 10:38:21,2023,West,Home & Kitchen,Website,Consumer,Debit Card,5,2072.23,0.008,48.23,4.7,0,9952.11
ORD100509,2023-03-13 19:42:43,2023,West,Sports,Mobile App,Consumer,Debit Card,3,1918.75,0.154,209.49,2.4,0,5806.76
ORD100510,2019-07-06 05:02:29,2019,West,Beauty,Marketplace,Corporate,Net Banking,7,967.91,0.025,87.71,3.7,0,7449.78
ORD100511,2022-04-23 10:27:36,2022,East,Clothing,Marketplace,Home Office,UPI,3,1397.67,0.082,149.13,5.0,1,3992.91
ORD100512,2023-04-19 04:15:21,2023,West,Books,Marketplace,Consumer,Credit Card,5,522.86,0.298,170.59,3.8,0,2226.0
ORD100513,2022-09-05 08:08:35,2022,East,Home & Kitchen,Website,Home Office,COD,4,1908.98,0.211,241.71,4.1,0,6411.91
ORD100514,2021-05-25 23:25:32,2021,Central,Electronics,Marketplace,Consumer,COD,4,2036.39,0.015,138.64,4.5,0,8099.04
ORD100515,2022-11-21 14:34:07,2022,North,Books,Mobile App,Corporate,COD,7,412.83,0.135,231.81,2.9,0,3406.59
ORD100516,2020-03-29 00:20:04,2020,East,Books,Mobile App,Corporate,Credit Card,5,674.49,0.051,108.07,4.0,0,4087.55
ORD100517,2019-08-20 19:37:10,2019,East,Electronics,Marketplace,Corporate,UPI,3,2169.63,0.037,218.64,4.0,0,7679.27
ORD100518,2023-09-30 05:00:07,2023,East,Books,Mobile App,Consumer,UPI,4,561.36,0.176,81.88,5.0,0,1384.43
ORD100519,2025-11-25 16:26:31,2025,North,Books,Mobile App,Home Office,UPI,5,437.76,0.152,185.65,3.2,0,2198.19
ORD100520,2024-12-02 09:29:16,2024,South,Sports,Mobile App,Consumer,COD,3,1815.62,0.223,49.49,3.8,1,4528.53
ORD100521,2023-01-31 20:09:06,2023,Central,Clothing,Mobile App,Home Office,COD,2,1096.79,0.268,246.93,3.4,0,1921.36
ORD100522,2019-04-13 21:19:31,2019,North,Beauty,Marketplace,Corporate,COD,4,878.26,0.074,239.87,3.3,0,3956.39
ORD100523,2025-11-30 06:05:47,2025,West,Beauty,Mobile App,Corporate,Net Banking,1,1090.93,0.277,127.29,4.7,0,1050.33
ORD100524,2022-02-23 06:16:03,2022,West,Beauty,Mobile App,Consumer,Credit Card,2,901.6,0.155,145.27,4.0,0,1829.85
ORD100525,2021-01-10 09:06:08,2021,East,Beauty,Website,Corporate,Debit Card,3,1135.92,0.078,161.51,3.6,0,3491.26
ORD100526,2025-03-31 04:45:53,2025,North,Beauty,Mobile App,Home Office,COD,6,778.61,0.254,90.51,3.7,0,4164.28
ORD100527,2024-03-22 19:19:57,2024,North,Beauty,Marketplace,Home Office,COD,6,1029.04,0.011,178.38,3.6,0,6676.34
ORD100528,2024-03-31 00:36:16,2024,South,Sports,Mobile App,Home Office,Debit Card,2,1931.85,0.168,183.68,3.7,0,3687.6
ORD100529,2020-12-10 22:29:14,2020,North,Beauty,Website,Consumer,COD,3,947.06,0.216,145.52,3.2,0,2466.72
ORD100530,2025-12-10 01:27:09,2025,North,Electronics,Mobile App,Corporate,Credit Card,2,2487.54,0.084,62.5,3.8,0,5669.22
ORD100531,2022-03-03 12:42:33,2022,North,Electronics,Marketplace,Corporate,Debit Card,6,2125.8,0.259,232.22,3.8,0,11313.03
ORD100532,2022-09-20 07:02:55,2022,North,Books,Website,Home Office,COD,2,639.78,0.072,55.31,3.5,0,1231.53
ORD100533,2024-04-03 10:44:05,2024,Central,Books,Website,Home Office,Credit Card,6,687.43,0.252,168.42,4.1,0,3511.39
ORD100534,2023-08-14 22:46:38,2023,West,Beauty,Mobile App,Home Office,Net Banking,6,1023.01,0.024,52.68,4.2,0,6372.69
ORD100535,2020-03-16 08:46:32,2020,North,Clothing,Mobile App,Consumer,Debit Card,5,1644.19,0.048,62.14,3.6,0,9462.14
ORD100536,2021-02-12 03:21:01,2021,West,Sports,Website,Consumer,Credit Card,3,1610.64,0.114,34.52,3.9,0,4694.58
ORD100537,2021-07-12 04:34:11,2021,North,Electronics,Marketplace,Home Office,Credit Card,7,2348.34,0.256,109.94,5.0,0,11722.47
ORD100538,2025-08-18 21:37:25,2025,East,Home & Kitchen,Marketplace,Home Office,Net Banking,5,1651.58,0.043,170.71,5.0,0,9578.89
ORD100539,2024-01-01 06:39:11,2024,North,Clothing,Mobile App,Corporate,Debit Card,5,1482.38,0.263,144.74,3.3,1,5239.03
ORD100540,2021-07-25 08:29:03,2021,North,Electronics,Mobile App,Consumer,Credit Card,6,2717.16,0.069,178.4,3.4,0,16785.05
ORD100541,2024-02-21 22:48:39,2024,North,Sports,Website,Consumer,Net Banking,7,1658.21,0.136,178.5,3.3,0,9638.82
ORD100542,2024-03-02 15:12:04,2024,East,Beauty,Marketplace,Home Office,UPI,1,790.35,0.106,60.84,4.7,0,882.97
ORD100543,2021-10-04 15:07:48,2021,East,Clothing,Marketplace,Corporate,UPI,7,1364.04,0.035,42.61,3.7,0,10199.42
ORD100544,2021-10-27 10:13:57,2021,South,Beauty,Mobile App,Corporate,COD,6,1049.19,0.283,167.58,4.2,1,4924.02
ORD100545,2025-04-04 19:33:03,2025,West,Electronics,Mobile App,Home Office,Net Banking,2,2786.63,0.131,173.71,5.0,0,5106.31
ORD100546,2022-12-07 00:13:13,2022,West,Home & Kitchen,Marketplace,Consumer,Debit Card,3,1505.03,0.207,152.47,4.0,0,3519.74
ORD100547,2020-01-18 03:53:14,2020,West,Beauty,Marketplace,Home Office,UPI,6,738.11,0.173,84.07,4.5,0,3654.93
ORD100548,2024-01-14 18:20:23,2024,East,Home & Kitchen,Website,Consumer,Debit Card,2,1758.81,0.151,208.37,4.3,0,3110.84
ORD100549,2023-02-15 22:27:45,2023,East,Sports,Marketplace,Home Office,Debit Card,4,1228.63,0.185,46.65,3.6,0,3808.49
ORD100550,2022-07-24 20:03:23,2022,East,Clothing,Marketplace,Home Office,Debit Card,5,1676.01,0.27,169.11,4.7,0,6422.35
ORD100551,2024-01-28 08:47:34,2024,South,Electronics,Marketplace,Corporate,UPI,5,2163.41,0.21,56.49,3.4,0,9580.87
ORD100552,2025-05-07 12:18:13,2025,East,Beauty,Mobile App,Consumer,Debit Card,7,939.14,0.16,173.98,4.9,0,5451.78
ORD100553,2021-04-24 14:16:33,2021,North,Books,Mobile App,Consumer,Debit Card,1,481.19,0.194,121.9,3.6,0,459.8
ORD100554,2021-12-07 17:35:59,2021,Central,Home & Kitchen,Website,Consumer,Credit Card,3,1794.63,0.182,187.98,3.7,0,4706.25
ORD100555,2020-04-29 08:23:25,2020,South,Electronics,Mobile App,Home Office,UPI,7,2841.48,0.13,41.48,3.3,0,18807.6
ORD100556,2023-07-12 21:58:20,2023,West,Books,Website,Consumer,COD,4,560.33,0.187,152.12,3.4,0,2089.64
ORD100557,2021-10-26 08:04:41,2021,Central,Home & Kitchen,Mobile App,Corporate,Net Banking,2,1358.74,0.133,61.87,3.7,0,2835.56
ORD100558,2021-05-25 01:52:51,2021,East,Clothing,Website,Corporate,Net Banking,3,1148.41,0.227,180.12,2.4,0,3457.1
ORD100559,2023-11-16 07:31:26,2023,Central,Beauty,Mobile App,Home Office,Net Banking,3,1159.34,0.291,56.39,3.8,0,2832.43
ORD100560,2021-11-09 05:57:45,2021,East,Clothing,Mobile App,Home Office,Net Banking,4,1682.18,0.288,46.19,3.7,0,6109.0
ORD100561,2022-04-01 22:11:00,2022,North,Books,Website,Corporate,UPI,2,476.17,0.246,186.89,4.5,0,1219.79
ORD100562,2022-01-29 18:26:01,2022,North,Clothing,Marketplace,Home Office,Debit Card,5,1414.91,0.181,43.98,4.3,1,5016.94
ORD100563,2020-10-22 19:46:12,2020,North,Beauty,Mobile App,Corporate,COD,4,713.07,0.225,79.4,3.5,0,2119.94
ORD100564,2019-11-18 13:30:20,2019,Central,Beauty,Marketplace,Corporate,Credit Card,5,960.83,0.053,211.44,3.7,0,5138.83
ORD100565,2024-10-15 09:49:47,2024,East,Clothing,Website,Consumer,COD,2,1065.03,0.144,208.13,3.8,0,2113.42
ORD100566,2019-08-23 10:41:50,2019,South,Home & Kitchen,Marketplace,Consumer,UPI,5,2160.47,0.077,217.91,5.0,0,10126.65
ORD100567,2021-04-10 09:22:06,2021,East,Electronics,Website,Corporate,Credit Card,7,2786.89,0.001,101.74,3.5,1,22348.56
ORD100568,2023-09-03 02:30:06,2023,South,Beauty,Mobile App,Consumer,Credit Card,1,760.63,0.29,146.17,3.5,0,698.24
ORD100569,2019-12-02 14:09:23,2019,Central,Sports,Mobile App,Consumer,Net Banking,3,1506.74,0.259,200.14,3.3,0,3486.66
ORD100570,2023-08-03 12:04:48,2023,Central,Books,Mobile App,Corporate,UPI,5,443.37,0.154,60.14,3.0,0,2079.63
ORD100571,2024-02-17 17:12:06,2024,North,Clothing,Mobile App,Corporate,Credit Card,5,1217.49,0.076,189.37,4.2,0,6425.87
ORD100572,2023-08-22 09:32:00,2023,West,Clothing,Marketplace,Home Office,Net Banking,5,1021.54,0.208,51.45,4.1,0,4373.22
ORD100573,2021-02-18 15:55:25,2021,South,Beauty,Website,Home Office,Credit Card,4,805.95,0.13,230.92,4.8,0,2917.42
ORD100574,2019-02-20 12:33:10,2019,North,Sports,Marketplace,Home Office,COD,5,1941.93,0.241,170.21,4.7,0,7365.55
ORD100575,2025-03-18 01:44:02,2025,Central,Books,Website,Consumer,COD,5,425.99,0.3,138.53,5.0,1,1703.83
ORD100576,2021-04-14 15:41:22,2021,North,Electronics,Website,Corporate,Credit Card,1,2689.35,0.105,136.64,4.0,0,2703.41
ORD100577,2024-08-19 14:18:01,2024,South,Clothing,Website,Home Office,Debit Card,6,1030.38,0.073,69.9,3.8,0,6319.1
ORD100578,2020-05-20 14:26:50,2020,North,Clothing,Marketplace,Corporate,Credit Card,4,1353.23,0.08,106.1,3.2,0,5088.82
ORD100579,2020-02-20 02:54:32,2020,East,Clothing,Website,Corporate,Credit Card,1,1298.27,0.028,189.97,4.5,0,1425.48
ORD100580,2024-06-11 22:55:15,2024,East,Home & Kitchen,Mobile App,Corporate,Net Banking,3,2272.24,0.118,149.01,4.1,0,7089.08
ORD100581,2025-07-29 22:54:57,2025,South,Books,Mobile App,Corporate,Credit Card,4,472.71,0.005,146.45,4.4,0,2351.34
ORD100582,2025-01-08 18:30:40,2025,North,Electronics,Marketplace,Corporate,UPI,1,1867.42,0.034,72.95,3.3,0,1886.76
ORD100583,2024-04-04 04:26:41,2024,North,Sports,Mobile App,Consumer,Credit Card,7,1742.69,0.082,181.88,4.2,0,13107.8
ORD100584,2020-09-22 12:21:39,2020,Central,Beauty,Marketplace,Corporate,COD,2,1034.23,0.048,116.25,4.1,0,2599.09
ORD100585,2025-05-23 03:59:07,2025,Central,Beauty,Marketplace,Consumer,Credit Card,3,1021.09,0.22,70.21,4.1,0,2336.03
ORD100586,2023-09-04 00:32:19,2023,Central,Sports,Marketplace,Home Office,Credit Card,4,1146.55,0.032,237.63,3.6,0,5233.59
ORD100587,2020-03-16 01:15:25,2020,East,Electronics,Marketplace,Home Office,Net Banking,6,1964.55,0.26,141.5,4.8,0,7174.87
ORD100588,2019-11-27 15:37:54,2019,East,Sports,Website,Corporate,UPI,6,1817.91,0.066,146.17,5.0,0,12121.25
ORD100589,2025-02-04 16:32:54,2025,West,Clothing,Mobile App,Corporate,Credit Card,6,1404.61,0.033,245.9,3.3,0,8782.71
ORD100590,2020-12-04 06:57:23,2020,West,Beauty,Mobile App,Home Office,UPI,2,973.09,0.003,110.61,4.5,0,2299.54
ORD100591,2024-05-11 14:54:08,2024,East,Sports,Website,Corporate,COD,6,1369.13,0.215,237.46,2.1,0,6665.65
ORD100592,2019-12-21 09:37:17,2019,South,Beauty,Website,Corporate,COD,6,803.79,0.077,182.88,4.4,0,4977.57
ORD100593,2020-12-18 01:22:56,2020,East,Clothing,Website,Consumer,Net Banking,4,1651.79,0.153,169.28,2.8,0,5391.87
ORD100594,2020-12-25 16:17:52,2020,North,Home & Kitchen,Marketplace,Consumer,Credit Card,4,2070.48,0.033,81.57,3.7,0,7951.75
ORD100595,2020-12-19 12:03:25,2020,North,Home & Kitchen,Mobile App,Consumer,Net Banking,1,1475.6,0.296,41.39,3.1,0,1287.88
ORD100596,2023-09-21 15:02:19,2023,West,Electronics,Website,Consumer,Net Banking,6,2784.63,0.038,126.31,3.9,0,16059.29
ORD100597,2025-05-15 19:05:38,2025,Central,Sports,Marketplace,Home Office,COD,7,1605.46,0.124,32.24,4.5,0,11544.35
ORD100598,2024-03-10 09:39:48,2024,North,Electronics,Marketplace,Corporate,UPI,4,2053.37,0.255,45.62,2.8,0,6452.34
ORD100599,2020-06-01 15:32:04,2020,North,Home & Kitchen,Marketplace,Home Office,Net Banking,4,1743.17,0.073,160.97,3.8,0,7415.23
ORD100600,2025-09-21 05:49:17,2025,North,Beauty,Marketplace,Corporate,UPI,4,1034.08,0.08,189.38,3.7,0,3753.26
ORD100601,2022-10-17 13:17:46,2022,West,Electronics,Marketplace,Home Office,Debit Card,1,2105.29,0.243,66.95,5.0,1,1622.59
ORD100602,2022-10-27 11:47:54,2022,South,Books,Website,Corporate,COD,5,587.57,0.082,191.15,4.3,0,2985.37
ORD100603,2023-11-28 18:08:08,2023,South,Home & Kitchen,Marketplace,Corporate,UPI,6,2053.39,0.001,238.94,3.2,1,15217.71
ORD100604,2025-09-01 16:04:33,2025,North,Electronics,Mobile App,Home Office,UPI,7,1886.4,0.128,193.5,3.7,0,12356.89
ORD100605,2023-01-28 13:29:33,2023,Central,Beauty,Mobile App,Corporate,COD,7,1142.4,0.004,202.64,5.0,0,7641.24
ORD100606,2023-04-09 07:33:00,2023,East,Beauty,Mobile App,Consumer,UPI,4,851.31,0.273,184.16,4.5,0,2476.22
ORD100607,2024-03-20 13:39:42,2024,West,Beauty,Mobile App,Corporate,Net Banking,7,882.59,0.193,79.44,3.4,0,5228.33
ORD100608,2020-10-14 01:16:46,2020,West,Sports,Mobile App,Corporate,Debit Card,4,1701.27,0.175,109.4,3.8,0,6909.13
ORD100609,2021-02-25 12:20:18,2021,North,Home & Kitchen,Marketplace,Corporate,Credit Card,5,1952.7,0.06,238.84,3.8,0,10824.78
ORD100610,2023-05-18 17:19:55,2023,Central,Sports,Website,Home Office,COD,5,1488.1,0.21,175.47,3.7,0,5907.98
ORD100611,2019-06-13 21:53:15,2019,East,Home & Kitchen,Website,Home Office,COD,7,1993.24,0.203,203.59,2.9,0,10827.0
ORD100612,2021-03-30 04:12:35,2021,West,Beauty,Website,Corporate,Credit Card,6,1121.9,0.018,243.11,3.6,0,7825.81
ORD100613,2024-01-10 04:44:01,2024,South,Electronics,Marketplace,Consumer,UPI,1,2618.34,0.264,80.92,4.9,0,1826.57
ORD100614,2025-10-30 23:37:11,2025,Central,Beauty,Mobile App,Corporate,UPI,1,1083.01,0.174,100.77,3.8,1,1158.89
ORD100615,2022-08-20 19:58:59,2022,Central,Clothing,Mobile App,Home Office,UPI,3,1159.76,0.238,171.86,3.9,0,3023.49
ORD100616,2021-10-18 13:43:58,2021,East,Sports,Mobile App,Consumer,COD,4,1471.01,0.079,35.36,4.1,0,5548.12
ORD100617,2022-01-30 14:27:15,2022,North,Sports,Mobile App,Home Office,Debit Card,5,1581.9,0.037,155.67,5.0,0,8340.59
ORD100618,2023-10-18 22:52:41,2023,Central,Books,Mobile App,Corporate,Net Banking,4,425.87,0.211,207.91,4.0,0,1757.39
ORD100619,2019-03-01 08:52:22,2019,Central,Books,Website,Home Office,Credit Card,4,645.36,0.238,164.3,4.7,0,2216.18
ORD100620,2022-10-10 07:08:18,2022,East,Electronics,Website,Home Office,COD,7,2041.39,0.116,94.99,3.6,0,11368.77
ORD100621,2021-10-19 13:22:09,2021,East,Electronics,Marketplace,Home Office,Net Banking,3,1991.94,0.007,189.3,3.8,0,6424.32
ORD100622,2023-11-27 05:58:46,2023,South,Books,Mobile App,Home Office,Net Banking,4,490.94,0.245,62.13,4.0,0,1738.49
ORD100623,2025-02-14 18:36:05,2025,North,Home & Kitchen,Website,Consumer,Debit Card,4,1630.55,0.062,226.85,3.5,1,6507.56
ORD100624,2025-09-26 00:26:25,2025,Central,Electronics,Mobile App,Corporate,Net Banking,4,2059.0,0.102,52.2,3.9,0,8768.1
ORD100625,2023-04-09 17:47:32,2023,East,Clothing,Mobile App,Consumer,Debit Card,7,1407.45,0.188,219.97,4.6,0,8473.53
ORD100626,2021-07-15 17:00:41,2021,South,Books,Website,Consumer,Credit Card,7,589.03,0.03,139.52,3.5,0,4434.16
ORD100627,2022-02-08 17:13:56,2022,West,Home & Kitchen,Website,Consumer,Debit Card,4,1603.15,0.022,124.3,4.0,0,6429.23
ORD100628,2020-03-27 00:51:39,2020,North,Electronics,Marketplace,Home Office,Credit Card,4,1899.77,0.008,140.15,4.5,0,6973.29
ORD100629,2025-07-20 06:08:59,2025,North,Sports,Website,Corporate,COD,5,1806.75,0.275,74.05,3.5,0,7622.76
ORD100630,2024-12-05 17:29:03,2024,South,Clothing,Website,Home Office,Net Banking,2,1041.3,0.093,130.69,4.7,0,1755.58
ORD100631,2024-12-22 18:49:03,2024,East,Home & Kitchen,Mobile App,Consumer,Net Banking,3,1857.69,0.198,216.94,4.0,0,4984.28
ORD100632,2021-04-18 16:24:12,2021,South,Electronics,Mobile App,Consumer,Net Banking,2,2279.88,0.297,206.21,3.9,0,3439.12
ORD100633,2021-04-03 13:59:53,2021,North,Beauty,Marketplace,Home Office,Debit Card,2,959.2,0.201,65.87,2.7,0,1541.36
ORD100634,2024-12-29 12:05:18,2024,South,Home & Kitchen,Marketplace,Home Office,COD,1,2226.79,0.158,178.15,3.8,0,2081.36
ORD100635,2022-10-23 20:46:37,2022,South,Books,Website,Home Office,Credit Card,5,601.23,0.156,218.5,4.2,1,2599.34
ORD100636,2023-12-07 02:25:32,2023,East,Home & Kitchen,Mobile App,Consumer,Debit Card,1,2313.9,0.113,210.35,5.0,0,2449.72
ORD100637,2022-06-05 23:46:44,2022,East,Clothing,Website,Corporate,UPI,5,1598.02,0.18,123.64,4.4,0,7242.31
ORD100638,2022-02-05 17:17:33,2022,Central,Electronics,Mobile App,Consumer,Credit Card,4,1909.84,0.288,40.58,4.7,0,5417.55
ORD100639,2023-06-04 21:49:48,2023,Central,Clothing,Website,Home Office,Debit Card,3,1147.45,0.236,234.86,3.2,0,3171.49
ORD100640,2024-09-08 23:30:42,2024,South,Home & Kitchen,Website,Consumer,Debit Card,6,1691.33,0.127,117.09,3.9,0,9123.32
ORD100641,2021-05-03 23:43:17,2021,Central,Electronics,Marketplace,Home Office,COD,4,2123.73,0.1,109.41,4.8,0,8146.19
ORD100642,2024-08-30 04:12:02,2024,East,Home & Kitchen,Website,Consumer,Net Banking,6,1897.47,0.265,197.09,3.4,0,9535.55
ORD100643,2020-09-16 04:30:41,2020,North,Books,Mobile App,Consumer,Debit Card,5,482.84,0.041,88.07,4.6,0,2779.37
ORD100644,2021-10-26 15:03:22,2021,South,Sports,Website,Home Office,Debit Card,1,1308.43,0.255,213.64,4.5,0,1243.55
ORD100645,2025-05-21 18:56:27,2025,West,Beauty,Marketplace,Corporate,Net Banking,2,863.79,0.077,46.73,4.2,0,1729.67
ORD100646,2025-09-05 13:58:23,2025,Central,Books,Marketplace,Corporate,Net Banking,4,615.79,0.215,192.96,3.8,0,2033.97
ORD100647,2025-06-19 10:09:26,2025,South,Sports,Mobile App,Corporate,Credit Card,7,1692.7,0.242,242.47,3.4,0,10531.66
ORD100648,2021-03-18 19:24:23,2021,North,Beauty,Marketplace,Consumer,Debit Card,2,1158.18,0.143,249.07,5.0,0,2429.83
ORD100649,2024-11-25 12:47:56,2024,North,Books,Mobile App,Home Office,Debit Card,1,473.73,0.058,233.24,4.4,0,726.7
ORD100650,2025-07-20 15:20:11,2025,North,Electronics,Website,Corporate,UPI,7,2125.36,0.253,221.57,4.2,0,8868.42
ORD100651,2025-11-05 06:58:21,2025,West,Sports,Website,Consumer,COD,7,1920.86,0.11,91.35,3.7,0,12897.62
ORD100652,2019-02-23 10:18:00,2019,East,Clothing,Website,Corporate,Debit Card,2,1468.36,0.096,242.66,4.0,0,3362.44
ORD100653,2024-03-19 04:45:36,2024,East,Sports,Website,Consumer,Credit Card,3,1613.63,0.153,234.14,4.1,0,4229.92
ORD100654,2025-12-22 16:22:01,2025,West,Books,Website,Consumer,Net Banking,5,575.74,0.131,147.56,4.3,0,2858.63
ORD100655,2024-05-08 11:44:47,2024,Central,Home & Kitchen,Website,Corporate,Net Banking,2,1424.76,0.205,118.46,4.5,0,2703.86
ORD100656,2020-08-18 23:51:14,2020,West,Electronics,Mobile App,Consumer,COD,3,2730.98,0.041,54.04,3.5,0,7776.32
ORD100657,2024-05-03 04:19:35,2024,North,Home & Kitchen,Website,Consumer,UPI,3,1969.25,0.131,159.94,3.0,0,5832.17
ORD100658,2019-09-27 00:06:04,2019,East,Home & Kitchen,Mobile App,Corporate,Debit Card,5,1915.95,0.268,184.12,4.1,0,7263.5
ORD100659,2022-05-13 10:23:40,2022,Central,Books,Mobile App,Corporate,UPI,3,575.7,0.011,118.88,2.9,0,2042.66
ORD100660,2023-05-20 15:18:22,2023,West,Books,Marketplace,Consumer,Debit Card,3,531.05,0.137,119.33,3.8,0,1475.46
ORD100661,2022-03-12 16:36:12,2022,South,Beauty,Mobile App,Home Office,Debit Card,3,801.06,0.198,156.13,3.7,0,2023.73
ORD100662,2023-11-24 18:35:20,2023,South,Books,Marketplace,Home Office,Debit Card,6,640.98,0.266,36.11,4.3,0,2928.49
ORD100663,2020-09-06 00:26:26,2020,Central,Home & Kitchen,Mobile App,Consumer,COD,2,1854.47,0.178,240.73,5.0,0,3779.69
ORD100664,2023-03-30 11:59:50,2023,North,Home & Kitchen,Website,Consumer,Debit Card,2,1383.6,0.247,93.78,2.7,0,2394.84
ORD100665,2023-07-07 03:47:19,2023,East,Books,Mobile App,Corporate,Debit Card,2,533.23,0.067,61.0,5.0,0,1254.76
ORD100666,2023-06-08 23:35:20,2023,North,Sports,Mobile App,Home Office,UPI,7,1891.1,0.106,31.21,3.8,1,10666.07
ORD100667,2021-01-09 12:03:15,2021,Central,Beauty,Mobile App,Consumer,Credit Card,7,860.08,0.283,218.52,4.2,0,4212.56
ORD100668,2021-02-19 13:20:05,2021,North,Home & Kitchen,Mobile App,Home Office,COD,4,1759.1,0.266,219.91,3.1,0,5674.45
ORD100669,2020-10-20 22:59:56,2020,North,Sports,Mobile App,Consumer,Debit Card,2,1639.77,0.167,50.97,4.6,0,2886.21
ORD100670,2022-03-26 07:15:14,2022,South,Sports,Website,Consumer,COD,6,1786.38,0.143,63.49,4.0,0,8880.53
ORD100671,2023-02-06 17:12:52,2023,South,Home & Kitchen,Website,Home Office,Debit Card,4,2011.78,0.135,128.54,4.0,0,8169.88
ORD100672,2021-07-15 15:24:33,2021,East,Electronics,Marketplace,Consumer,Debit Card,6,2678.57,0.018,70.85,2.7,0,15987.22
ORD100673,2021-11-13 21:57:34,2021,South,Electronics,Marketplace,Consumer,Debit Card,3,1787.9,0.268,191.88,4.0,1,4296.82
ORD100674,2021-01-02 01:37:25,2021,South,Electronics,Website,Home Office,Debit Card,7,2768.76,0.245,42.77,4.5,0,15835.49
ORD100675,2020-07-13 09:32:23,2020,East,Home & Kitchen,Marketplace,Corporate,UPI,6,2244.88,0.137,150.94,3.8,0,12772.85
ORD100676,2023-08-08 09:53:26,2023,East,Beauty,Marketplace,Corporate,UPI,2,931.98,0.084,114.21,4.8,0,2375.12
ORD100677,2021-01-13 00:58:12,2021,Central,Sports,Website,Home Office,Debit Card,6,1640.41,0.103,132.29,4.7,0,8286.85
ORD100678,2025-01-08 14:48:04,2025,East,Clothing,Marketplace,Corporate,Debit Card,3,1127.16,0.037,123.45,3.6,1,3473.22
ORD100679,2022-12-30 10:05:00,2022,East,Sports,Mobile App,Corporate,Debit Card,3,1494.56,0.217,63.7,5.0,0,3711.96
ORD100680,2020-03-04 15:21:33,2020,West,Beauty,Marketplace,Consumer,Debit Card,2,775.34,0.167,78.46,4.0,1,1541.46
ORD100681,2021-07-24 11:50:45,2021,North,Electronics,Mobile App,Corporate,Credit Card,5,1676.59,0.07,44.26,4.0,0,9371.42
ORD100682,2019-01-20 04:30:41,2019,West,Home & Kitchen,Mobile App,Consumer,Net Banking,2,2321.09,0.187,55.36,4.1,0,3809.27
ORD100683,2019-04-11 02:48:54,2019,Central,Clothing,Website,Home Office,Net Banking,5,1160.29,0.294,245.14,4.0,0,4040.96
ORD100684,2021-05-09 03:33:24,2021,South,Books,Website,Corporate,UPI,5,591.92,0.037,91.55,2.3,0,3528.93
ORD100685,2022-03-07 14:32:35,2022,North,Books,Mobile App,Consumer,Debit Card,6,503.33,0.138,97.55,3.9,0,2890.05
ORD100686,2024-07-31 10:30:16,2024,South,Sports,Marketplace,Home Office,Net Banking,7,1430.76,0.148,57.96,3.1,0,9560.39
ORD100687,2019-12-10 06:38:52,2019,South,Beauty,Marketplace,Consumer,Net Banking,1,871.89,0.05,196.14,5.0,0,1019.5
ORD100688,2024-11-14 22:16:53,2024,East,Home & Kitchen,Marketplace,Consumer,Credit Card,7,1681.7,0.159,233.31,5.0,0,10548.15
ORD100689,2020-08-22 10:33:52,2020,Central,Clothing,Mobile App,Home Office,COD,1,1430.74,0.182,203.75,4.6,0,1463.38
ORD100690,2019-12-20 13:39:30,2019,East,Sports,Mobile App,Home Office,Net Banking,4,1917.77,0.047,164.78,3.8,0,7386.17
ORD100691,2023-11-24 22:13:06,2023,North,Electronics,Mobile App,Home Office,Debit Card,3,2168.65,0.046,208.91,3.3,0,6595.26
ORD100692,2024-06-02 04:51:41,2024,South,Clothing,Marketplace,Corporate,Net Banking,5,1670.93,0.257,118.93,3.6,0,6185.2
ORD100693,2023-03-27 03:44:11,2023,West,Electronics,Website,Home Office,COD,6,2458.03,0.093,219.09,5.0,0,14133.13
ORD100694,2019-10-23 17:45:23,2019,South,Home & Kitchen,Website,Consumer,Credit Card,7,1951.06,0.189,205.67,3.6,0,11968.93
ORD100695,2019-10-22 19:42:28,2019,East,Clothing,Marketplace,Corporate,UPI,3,1144.53,0.188,30.38,2.5,0,3285.05
ORD100696,2021-09-23 23:59:58,2021,West,Clothing,Mobile App,Consumer,Debit Card,7,1019.99,0.252,137.31,4.7,0,6000.88
ORD100697,2022-02-25 17:36:49,2022,South,Home & Kitchen,Mobile App,Corporate,UPI,3,2193.42,0.222,88.22,5.0,1,5789.23
ORD100698,2025-12-27 10:42:07,2025,West,Books,Marketplace,Consumer,COD,2,586.13,0.252,48.97,5.0,0,1040.77
ORD100699,2021-01-02 05:31:28,2021,South,Beauty,Marketplace,Consumer,COD,3,880.13,0.188,216.16,4.7,0,2528.65
ORD100700,2020-05-07 06:17:29,2020,North,Sports,Website,Corporate,Net Banking,4,1794.87,0.135,31.75,4.8,0,7490.23
ORD100701,2025-08-14 17:22:06,2025,South,Books,Mobile App,Home Office,COD,5,506.45,0.118,190.64,4.0,0,2813.75
ORD100702,2020-01-29 12:44:31,2020,East,Books,Mobile App,Corporate,UPI,6,649.54,0.114,247.4,2.7,0,4114.5
ORD100703,2019-03-09 11:38:13,2019,North,Home & Kitchen,Marketplace,Corporate,Net Banking,2,1674.68,0.126,136.04,4.0,0,3411.13
ORD100704,2021-12-16 16:15:48,2021,Central,Books,Marketplace,Corporate,Debit Card,3,691.07,0.039,111.67,4.4,0,2413.15
ORD100705,2021-10-22 03:57:29,2021,East,Books,Mobile App,Corporate,Credit Card,7,493.56,0.127,163.28,3.9,0,3242.83
ORD100706,2023-05-03 20:56:45,2023,North,Books,Marketplace,Consumer,Credit Card,4,454.11,0.117,207.03,3.9,0,1647.68
ORD100707,2025-02-21 11:45:35,2025,Central,Home & Kitchen,Mobile App,Corporate,Debit Card,2,2041.12,0.01,82.86,3.4,0,4150.86
ORD100708,2025-07-12 11:51:56,2025,Central,Clothing,Marketplace,Home Office,Net Banking,7,1091.44,0.083,85.15,3.3,0,7029.76
ORD100709,2021-01-10 07:36:33,2021,North,Beauty,Mobile App,Consumer,UPI,4,1144.93,0.226,163.58,5.0,0,3753.79
ORD100710,2025-11-11 23:29:32,2025,North,Books,Mobile App,Corporate,Net Banking,7,610.81,0.173,236.77,5.0,0,3750.83
ORD100711,2023-06-06 01:57:46,2023,South,Books,Mobile App,Home Office,COD,7,482.34,0.242,95.66,4.0,0,2794.12
ORD100712,2019-06-28 00:02:06,2019,East,Beauty,Marketplace,Corporate,UPI,7,778.37,0.163,112.89,4.2,0,5008.59
ORD100713,2025-07-26 16:03:41,2025,West,Electronics,Mobile App,Consumer,COD,5,2767.89,0.256,248.53,3.4,0,12004.12
ORD100714,2019-12-19 17:19:10,2019,East,Home & Kitchen,Website,Corporate,Net Banking,6,1951.78,0.239,68.77,4.4,0,11260.96
ORD100715,2023-02-13 10:48:41,2023,West,Sports,Website,Home Office,Credit Card,7,1862.33,0.029,46.93,5.0,0,13169.15
ORD100716,2024-07-14 03:01:48,2024,North,Beauty,Mobile App,Consumer,Net Banking,2,729.56,0.293,159.75,3.0,0,1169.95
ORD100717,2020-09-29 13:32:05,2020,West,Home & Kitchen,Marketplace,Corporate,Net Banking,1,2266.14,0.004,35.34,4.3,0,2603.9
ORD100718,2020-11-22 17:39:31,2020,Central,Home & Kitchen,Mobile App,Home Office,Net Banking,3,1864.85,0.179,69.7,4.4,0,4852.94
ORD100719,2022-05-02 02:36:33,2022,East,Electronics,Mobile App,Consumer,UPI,5,2458.79,0.238,166.89,4.3,0,9725.78
ORD100720,2025-03-11 16:10:50,2025,East,Clothing,Marketplace,Corporate,UPI,4,1241.61,0.1,175.09,5.0,0,4670.69
ORD100721,2020-07-25 12:43:21,2020,South,Sports,Mobile App,Home Office,Net Banking,1,1173.79,0.18,142.29,5.0,0,1106.32
ORD100722,2023-08-23 18:52:35,2023,Central,Clothing,Marketplace,Corporate,Credit Card,4,1659.95,0.109,114.42,3.8,0,6420.29
ORD100723,2022-03-02 19:46:51,2022,North,Books,Mobile App,Corporate,Credit Card,2,713.37,0.018,156.76,4.4,0,1862.29
ORD100724,2019-10-13 21:00:27,2019,South,Electronics,Marketplace,Consumer,Debit Card,4,2091.1,0.003,171.54,4.1,0,8858.8
ORD100725,2023-12-23 00:01:38,2023,North,Beauty,Marketplace,Home Office,Net Banking,5,1142.21,0.028,206.77,3.6,0,6598.85
ORD100726,2024-10-28 22:40:35,2024,Central,Home & Kitchen,Mobile App,Corporate,UPI,5,1516.05,0.03,204.41,4.2,0,8946.21
ORD100727,2023-01-11 07:41:39,2023,East,Sports,Website,Home Office,COD,3,1252.61,0.183,176.26,4.4,0,3356.61
ORD100728,2020-03-26 18:24:20,2020,Central,Books,Mobile App,Corporate,Debit Card,3,434.62,0.158,226.73,4.1,0,1451.31
ORD100729,2020-02-03 00:50:06,2020,West,Beauty,Website,Corporate,UPI,5,868.68,0.137,214.37,3.4,0,3924.52
ORD100730,2021-12-18 10:54:05,2021,East,Beauty,Mobile App,Corporate,UPI,6,700.89,0.208,59.31,3.7,0,3633.99
ORD100731,2022-07-18 09:45:15,2022,East,Sports,Website,Home Office,COD,6,1450.59,0.005,240.47,3.7,0,8402.19
ORD100732,2022-11-12 09:13:56,2022,South,Beauty,Mobile App,Home Office,UPI,3,743.5,0.081,226.18,3.5,0,1882.12
ORD100733,2020-09-14 18:49:48,2020,East,Clothing,Mobile App,Consumer,Debit Card,3,1497.33,0.233,100.6,4.2,0,3390.22
ORD100734,2022-07-03 22:59:55,2022,West,Home & Kitchen,Website,Home Office,Net Banking,3,2175.03,0.273,34.44,4.3,0,5390.63
ORD100735,2021-01-24 05:19:39,2021,Central,Clothing,Website,Home Office,Debit Card,4,1466.79,0.132,162.87,4.6,0,5410.54
ORD100736,2023-10-20 19:58:40,2023,East,Home & Kitchen,Mobile App,Consumer,Credit Card,1,1548.49,0.024,126.45,3.4,0,1651.98
ORD100737,2024-07-28 18:54:27,2024,Central,Beauty,Website,Consumer,UPI,4,1054.59,0.24,194.9,3.6,0,3509.27
ORD100738,2023-07-27 06:24:54,2023,Central,Clothing,Marketplace,Home Office,Net Banking,2,1153.39,0.266,145.41,5.0,0,1551.27
ORD100739,2019-01-04 04:31:03,2019,East,Clothing,Marketplace,Home Office,Debit Card,4,1518.03,0.124,46.83,3.9,0,5487.12
ORD100740,2025-12-10 15:49:29,2025,East,Sports,Marketplace,Corporate,UPI,6,1593.1,0.073,83.83,4.0,0,10647.51
ORD100741,2019-03-02 18:00:00,2019,North,Home & Kitchen,Website,Corporate,UPI,7,1713.05,0.013,224.16,3.9,0,12898.16
ORD100742,2025-12-29 12:32:15,2025,South,Clothing,Marketplace,Home Office,Debit Card,4,1034.7,0.177,38.29,4.7,0,2956.22
ORD100743,2019-03-23 05:10:21,2019,Central,Sports,Mobile App,Consumer,UPI,1,1807.7,0.273,192.07,4.8,1,1514.64
ORD100744,2022-08-13 01:41:08,2022,North,Sports,Mobile App,Consumer,Credit Card,2,1900.21,0.203,94.23,4.7,0,3580.51
ORD100745,2019-09-28 20:40:45,2019,South,Sports,Website,Home Office,UPI,1,1674.38,0.095,129.58,4.0,0,1678.93
ORD100746,2019-09-01 07:53:34,2019,West,Sports,Mobile App,Consumer,Net Banking,6,1920.75,0.193,146.82,3.4,0,8710.17
ORD100747,2023-10-13 18:14:09,2023,South,Books,Marketplace,Corporate,Net Banking,7,695.07,0.25,85.02,5.0,0,4796.72
ORD100748,2024-02-04 08:49:09,2024,Central,Beauty,Website,Corporate,Net Banking,4,771.33,0.143,173.43,4.6,0,2737.74
ORD100749,2019-10-30 05:06:39,2019,West,Clothing,Website,Corporate,UPI,2,1497.82,0.246,182.56,3.7,1,2585.33
ORD100750,2025-11-01 08:28:52,2025,North,Books,Mobile App,Consumer,Credit Card,1,518.16,0.118,48.71,4.9,1,482.31
ORD100751,2021-03-30 02:23:12,2021,South,Clothing,Mobile App,Home Office,Credit Card,7,1323.57,0.105,112.26,3.7,1,8016.21
ORD100752,2021-03-24 15:24:50,2021,West,Clothing,Mobile App,Home Office,Net Banking,3,1087.23,0.175,193.76,4.9,0,2891.53
ORD100753,2021-01-29 01:46:35,2021,Central,Sports,Mobile App,Consumer,COD,1,1929.19,0.139,188.76,5.0,0,2021.69
ORD100754,2022-03-24 20:23:52,2022,Central,Books,Website,Corporate,Credit Card,2,632.16,0.293,149.81,3.4,0,1243.55
ORD100755,2020-03-30 13:03:36,2020,Central,Home & Kitchen,Website,Consumer,Net Banking,2,1614.24,0.155,201.09,4.4,0,2838.66
ORD100756,2021-12-21 17:30:56,2021,North,Sports,Website,Consumer,Debit Card,5,1431.46,0.116,53.68,4.5,0,5865.12
ORD100757,2020-06-20 17:05:45,2020,West,Books,Website,Home Office,COD,7,540.3,0.118,56.01,5.0,0,3521.7
ORD100758,2019-05-12 10:15:23,2019,North,Sports,Marketplace,Corporate,UPI,2,1741.72,0.164,174.65,3.5,0,3469.21
ORD100759,2021-07-31 11:47:17,2021,North,Electronics,Marketplace,Corporate,COD,5,2770.09,0.106,182.53,4.9,1,13830.99
ORD100760,2023-09-15 07:23:21,2023,West,Beauty,Mobile App,Home Office,Debit Card,1,834.11,0.217,209.2,4.0,0,916.58
ORD100761,2024-05-04 10:59:03,2024,East,Clothing,Website,Home Office,Credit Card,1,1312.84,0.114,69.83,3.2,0,1221.9
ORD100762,2021-06-22 03:08:51,2021,West,Books,Mobile App,Home Office,UPI,1,591.95,0.115,143.69,3.9,0,699.72
ORD100763,2021-04-07 11:53:25,2021,Central,Electronics,Marketplace,Home Office,COD,7,2125.95,0.185,175.38,4.0,0,12125.1
ORD100764,2024-07-05 18:11:02,2024,North,Books,Website,Corporate,COD,5,565.01,0.018,79.21,3.3,0,3345.57
ORD100765,2023-10-08 02:49:01,2023,East,Clothing,Mobile App,Corporate,UPI,6,1050.58,0.197,143.72,4.2,0,6889.07
ORD100766,2024-10-27 21:34:25,2024,Central,Home & Kitchen,Mobile App,Consumer,Debit Card,1,1516.0,0.151,170.46,4.6,0,1537.63
ORD100767,2025-05-04 23:53:10,2025,East,Clothing,Website,Home Office,Net Banking,1,1261.79,0.136,77.18,4.2,0,1166.75
ORD100768,2024-09-30 01:34:52,2024,East,Sports,Mobile App,Consumer,Debit Card,6,1879.82,0.216,112.62,3.6,0,9504.17
ORD100769,2025-07-21 15:46:32,2025,East,Home & Kitchen,Mobile App,Home Office,UPI,1,1695.86,0.227,77.59,3.9,0,1368.03
ORD100770,2021-11-30 23:57:32,2021,Central,Sports,Mobile App,Home Office,Credit Card,2,1331.08,0.254,228.65,4.0,0,2444.15
ORD100771,2021-10-05 18:44:54,2021,North,Electronics,Marketplace,Consumer,Credit Card,4,2548.86,0.112,82.1,4.1,0,9458.09
ORD100772,2021-04-01 20:53:53,2021,Central,Home & Kitchen,Mobile App,Home Office,Credit Card,5,2289.64,0.098,56.58,4.7,0,10434.94
ORD100773,2020-08-24 05:29:44,2020,Central,Books,Website,Home Office,COD,2,551.38,0.214,37.73,4.2,0,969.79
ORD100774,2024-03-28 23:39:42,2024,Central,Books,Website,Corporate,Credit Card,4,415.1,0.175,39.89,3.1,0,1524.82
ORD100775,2024-01-01 03:17:52,2024,East,Clothing,Mobile App,Corporate,Net Banking,5,1467.03,0.19,72.15,3.6,0,6230.31
ORD100776,2024-08-10 08:26:00,2024,East,Home & Kitchen,Marketplace,Home Office,COD,4,1760.91,0.167,163.81,4.1,0,6200.81
ORD100777,2020-03-03 20:25:39,2020,South,Home & Kitchen,Website,Corporate,Net Banking,3,2016.91,0.232,33.88,4.7,0,5151.15
ORD100778,2022-06-09 15:41:48,2022,South,Beauty,Website,Consumer,Net Banking,1,812.47,0.057,93.08,4.8,0,925.26
ORD100779,2020-07-21 07:51:03,2020,Central,Beauty,Marketplace,Consumer,UPI,4,676.19,0.167,42.8,5.0,1,2448.6
ORD100780,2025-04-01 14:05:41,2025,East,Electronics,Mobile App,Home Office,UPI,6,2066.84,0.047,118.8,4.1,0,12306.0
ORD100781,2020-11-14 12:04:29,2020,West,Sports,Website,Corporate,Net Banking,5,1706.45,0.122,40.69,4.5,0,7827.36
ORD100782,2020-01-03 19:56:06,2020,North,Clothing,Website,Consumer,Net Banking,7,1256.08,0.199,163.66,3.1,1,7207.48
ORD100783,2022-12-27 13:44:59,2022,West,Clothing,Mobile App,Home Office,Net Banking,1,1131.71,0.148,181.45,4.3,0,1226.13
ORD100784,2025-02-24 21:35:42,2025,West,Books,Mobile App,Consumer,Debit Card,1,552.86,0.114,190.89,3.3,0,735.36
ORD100785,2025-05-29 14:36:30,2025,Central,Sports,Mobile App,Consumer,Debit Card,4,1745.69,0.265,79.36,4.0,1,5550.84
ORD100786,2019-09-03 14:51:57,2019,North,Home & Kitchen,Website,Corporate,UPI,2,1468.24,0.232,221.07,5.0,0,2654.97
ORD100787,2021-04-12 23:36:37,2021,East,Books,Mobile App,Consumer,Credit Card,5,621.75,0.158,181.86,4.2,0,3143.6
ORD100788,2020-01-28 09:52:10,2020,East,Home & Kitchen,Marketplace,Corporate,Debit Card,7,2010.67,0.285,42.46,3.4,0,10325.57
ORD100789,2021-02-25 21:43:01,2021,East,Beauty,Website,Home Office,UPI,3,858.52,0.127,126.97,4.3,0,2846.59
ORD100790,2022-09-26 11:52:54,2022,North,Clothing,Mobile App,Home Office,UPI,4,1668.79,0.236,198.91,3.7,0,5847.08
ORD100791,2020-12-18 03:23:46,2020,East,Clothing,Website,Home Office,UPI,5,1614.71,0.05,98.4,3.4,0,7067.6
ORD100792,2019-06-22 13:51:13,2019,South,Home & Kitchen,Mobile App,Consumer,Credit Card,2,1663.0,0.086,113.94,5.0,0,3328.67
ORD100793,2022-07-27 15:16:06,2022,West,Beauty,Website,Consumer,COD,7,690.39,0.101,168.51,4.7,0,4792.12
ORD100794,2019-05-15 23:23:55,2019,South,Sports,Website,Home Office,Net Banking,2,1379.35,0.032,42.21,4.2,1,2636.81
ORD100795,2020-08-02 10:26:26,2020,East,Home & Kitchen,Marketplace,Corporate,COD,6,1552.67,0.151,242.73,3.7,0,7751.13
ORD100796,2019-01-02 07:49:18,2019,West,Books,Website,Home Office,Credit Card,5,578.04,0.058,68.39,3.8,0,2558.97
ORD100797,2019-08-10 21:59:13,2019,North,Beauty,Marketplace,Consumer,Debit Card,1,1129.78,0.19,35.87,5.0,1,992.23
ORD100798,2024-12-14 10:10:23,2024,West,Electronics,Mobile App,Home Office,COD,6,2703.11,0.057,31.17,4.2,0,13701.11
ORD100799,2024-06-02 22:31:38,2024,West,Sports,Mobile App,Corporate,Credit Card,2,1377.31,0.037,117.9,2.0,0,2751.12
ORD100800,2019-09-10 14:40:01,2019,North,Beauty,Mobile App,Home Office,Net Banking,5,887.16,0.291,224.54,5.0,0,3654.78
ORD100801,2019-03-31 01:07:25,2019,North,Home & Kitchen,Mobile App,Consumer,Net Banking,7,1386.18,0.197,210.35,4.1,0,8173.96
ORD100802,2021-05-14 03:37:34,2021,Central,Home & Kitchen,Mobile App,Corporate,COD,7,1888.72,0.281,230.65,4.2,0,10327.4
ORD100803,2023-07-26 04:05:26,2023,South,Clothing,Marketplace,Home Office,COD,7,1020.31,0.147,147.43,4.7,0,5992.73
ORD100804,2024-03-23 15:33:37,2024,Central,Beauty,Marketplace,Corporate,Net Banking,4,1139.61,0.01,128.72,4.3,0,4423.06
ORD100805,2024-10-04 21:55:19,2024,East,Beauty,Website,Corporate,Debit Card,4,1104.13,0.172,114.89,4.5,0,4231.39
ORD100806,2021-05-24 16:12:29,2021,South,Home & Kitchen,Marketplace,Consumer,COD,3,1562.05,0.167,40.21,3.7,0,3689.3
ORD100807,2020-03-05 09:50:38,2020,South,Clothing,Website,Home Office,Net Banking,7,1475.05,0.004,230.09,3.2,0,10063.5
ORD100808,2019-03-09 08:17:21,2019,West,Home & Kitchen,Marketplace,Consumer,Credit Card,4,1912.34,0.258,139.16,4.2,0,5976.31
ORD100809,2020-01-11 09:12:32,2020,North,Home & Kitchen,Website,Corporate,Net Banking,6,2143.34,0.186,130.11,4.9,0,11211.07
ORD100810,2019-06-16 13:16:44,2019,East,Home & Kitchen,Website,Home Office,Debit Card,3,1820.9,0.223,143.34,3.6,0,4140.49
ORD100811,2025-01-09 04:58:29,2025,South,Clothing,Marketplace,Corporate,Credit Card,6,1112.12,0.148,204.71,3.5,0,5348.65
ORD100812,2020-11-17 01:32:38,2020,North,Beauty,Marketplace,Corporate,Debit Card,2,991.72,0.186,79.38,4.8,0,1883.19
ORD100813,2024-10-04 21:45:21,2024,South,Clothing,Website,Consumer,Net Banking,6,1032.4,0.077,186.18,3.7,0,5940.92
ORD100814,2022-11-14 20:58:56,2022,East,Beauty,Mobile App,Corporate,COD,1,964.37,0.292,186.37,3.7,0,935.82
ORD100815,2022-10-09 12:50:37,2022,West,Electronics,Mobile App,Home Office,Debit Card,1,1907.37,0.12,216.9,3.8,0,1807.61
ORD100816,2022-03-08 10:50:23,2022,North,Home & Kitchen,Mobile App,Consumer,UPI,3,2028.09,0.049,31.91,4.0,0,6056.94
ORD100817,2024-09-24 20:59:50,2024,Central,Sports,Mobile App,Corporate,COD,4,1808.14,0.017,67.49,3.0,0,8371.15
ORD100818,2019-04-22 01:20:26,2019,Central,Sports,Marketplace,Corporate,Debit Card,5,1215.36,0.191,133.63,3.6,0,5496.39
ORD100819,2019-08-26 02:01:43,2019,West,Sports,Marketplace,Consumer,Credit Card,3,1455.22,0.295,217.12,4.1,0,3726.7
ORD100820,2021-12-18 04:18:39,2021,Central,Sports,Mobile App,Home Office,Net Banking,1,1730.16,0.269,242.33,4.1,0,1655.72
ORD100821,2021-10-05 07:04:27,2021,East,Electronics,Marketplace,Corporate,Credit Card,3,1848.08,0.211,160.87,4.8,0,4856.06
ORD100822,2022-10-26 13:05:38,2022,Central,Home & Kitchen,Marketplace,Consumer,Credit Card,4,1910.86,0.297,76.67,5.0,0,5771.89
ORD100823,2024-02-29 19:27:11,2024,West,Beauty,Website,Corporate,COD,4,1007.56,0.217,70.61,5.0,0,3497.96
ORD100824,2023-02-10 18:22:15,2023,East,Sports,Marketplace,Home Office,COD,5,1417.7,0.102,170.68,4.6,0,6559.8
ORD100825,2020-10-20 01:07:58,2020,North,Beauty,Marketplace,Home Office,Debit Card,2,1086.83,0.18,76.22,3.9,0,2051.37
ORD100826,2021-04-16 13:22:18,2021,East,Books,Website,Corporate,Credit Card,5,566.97,0.024,151.68,3.6,0,2925.54
ORD100827,2024-04-06 22:51:53,2024,Central,Clothing,Marketplace,Corporate,COD,5,1423.3,0.067,213.66,4.0,0,7415.43
ORD100828,2020-05-29 22:50:15,2020,Central,Electronics,Marketplace,Home Office,UPI,6,1820.46,0.125,115.76,4.4,0,10593.81
ORD100829,2022-07-12 16:19:56,2022,East,Electronics,Mobile App,Consumer,Net Banking,4,1678.02,0.061,113.26,4.5,0,6837.5
ORD100830,2022-10-09 03:37:23,2022,South,Beauty,Mobile App,Consumer,Debit Card,6,700.12,0.286,37.95,4.4,0,3065.5
ORD100831,2024-04-01 16:19:00,2024,West,Beauty,Mobile App,Corporate,COD,2,1122.44,0.299,85.9,3.9,0,1609.59
ORD100832,2023-12-31 21:21:33,2023,North,Clothing,Marketplace,Corporate,Debit Card,5,1606.09,0.111,183.6,4.5,0,6472.08
ORD100833,2022-04-02 17:18:27,2022,North,Sports,Marketplace,Corporate,COD,1,1791.26,0.213,109.29,4.8,0,1913.01
ORD100834,2021-03-01 05:23:17,2021,East,Sports,Marketplace,Consumer,UPI,1,1289.68,0.122,64.83,4.6,0,1226.71
ORD100835,2021-07-29 08:43:25,2021,Central,Home & Kitchen,Mobile App,Home Office,Net Banking,7,1870.2,0.042,53.27,4.0,0,12486.61
ORD100836,2021-11-18 00:35:24,2021,South,Clothing,Website,Corporate,UPI,4,1544.22,0.101,50.91,3.5,0,6221.46
ORD100837,2020-07-14 05:56:35,2020,East,Sports,Marketplace,Home Office,Net Banking,5,1681.6,0.07,175.01,3.4,0,7388.37
ORD100838,2023-05-18 12:59:30,2023,South,Sports,Website,Home Office,UPI,5,1220.3,0.098,164.78,3.6,0,5518.16
ORD100839,2020-06-16 14:49:20,2020,East,Clothing,Website,Home Office,COD,5,1615.31,0.065,144.07,4.2,0,7116.37
ORD100840,2023-07-17 00:26:59,2023,North,Clothing,Website,Corporate,Net Banking,2,1089.89,0.034,140.07,4.3,0,2151.17
ORD100841,2024-04-04 19:27:08,2024,East,Home & Kitchen,Marketplace,Corporate,UPI,2,1520.08,0.065,63.69,3.1,0,2610.18
ORD100842,2019-10-31 22:26:10,2019,East,Beauty,Mobile App,Consumer,COD,1,1121.0,0.272,140.13,3.7,0,867.36
ORD100843,2024-04-25 20:57:24,2024,South,Electronics,Website,Corporate,Credit Card,7,2236.39,0.026,43.19,4.2,0,17863.39
ORD100844,2019-08-08 18:30:04,2019,South,Books,Website,Home Office,Debit Card,2,525.3,0.097,233.69,3.4,0,1089.03
ORD100845,2021-05-12 00:06:51,2021,West,Home & Kitchen,Mobile App,Corporate,UPI,5,1898.12,0.159,42.77,4.3,0,9398.64
ORD100846,2020-03-26 14:25:02,2020,North,Home & Kitchen,Marketplace,Consumer,UPI,4,2321.58,0.106,123.18,3.8,1,9069.95
ORD100847,2020-02-19 19:09:40,2020,North,Electronics,Marketplace,Consumer,Credit Card,2,1794.75,0.155,30.13,3.5,0,3067.32
ORD100848,2020-03-24 04:27:23,2020,North,Books,Mobile App,Corporate,Debit Card,3,641.48,0.013,202.95,4.0,0,2304.98
ORD100849,2019-04-23 07:20:41,2019,Central,Clothing,Mobile App,Corporate,Debit Card,1,1214.04,0.195,66.56,4.3,0,1184.94
ORD100850,2024-10-04 20:42:50,2024,South,Books,Marketplace,Home Office,COD,2,447.91,0.169,233.48,3.4,0,945.31
ORD100851,2021-10-15 13:59:25,2021,North,Home & Kitchen,Marketplace,Home Office,UPI,1,1767.71,0.204,39.68,3.8,0,1586.12
ORD100852,2023-11-23 01:25:53,2023,Central,Books,Website,Corporate,Net Banking,6,578.5,0.17,210.57,4.3,0,3840.04
ORD100853,2025-12-06 10:23:22,2025,North,Clothing,Marketplace,Corporate,UPI,4,1122.26,0.131,174.46,3.5,0,4911.99
ORD100854,2024-12-22 01:42:28,2024,South,Electronics,Mobile App,Home Office,Credit Card,7,2140.38,0.105,84.94,2.9,0,11618.54
ORD100855,2019-12-17 17:05:14,2019,North,Sports,Marketplace,Consumer,UPI,4,1649.43,0.068,74.53,3.0,0,6006.03
ORD100856,2025-11-29 15:50:38,2025,West,Sports,Website,Corporate,UPI,2,1600.57,0.15,108.69,3.7,1,3057.05
ORD100857,2023-07-29 10:44:49,2023,West,Beauty,Website,Corporate,Debit Card,5,1032.96,0.008,212.25,3.1,0,5976.09
ORD100858,2020-04-03 23:25:51,2020,West,Electronics,Marketplace,Home Office,COD,7,2662.05,0.098,219.63,3.8,1,14674.82
ORD100859,2022-02-20 22:51:46,2022,South,Books,Marketplace,Home Office,Net Banking,4,536.26,0.203,68.56,5.0,0,1530.16
ORD100860,2025-06-04 02:33:58,2025,South,Home & Kitchen,Website,Corporate,COD,1,1768.74,0.033,107.76,3.1,0,2168.86
ORD100861,2021-10-01 07:10:21,2021,Central,Books,Marketplace,Corporate,Debit Card,3,562.75,0.019,82.25,3.8,0,1793.51
ORD100862,2020-04-14 09:04:33,2020,Central,Books,Website,Home Office,UPI,7,583.82,0.196,56.98,5.0,0,2944.97
ORD100863,2025-02-14 17:09:54,2025,North,Books,Marketplace,Corporate,Credit Card,4,445.27,0.119,172.22,4.3,0,1714.6
ORD100864,2025-09-01 19:20:22,2025,West,Sports,Website,Consumer,COD,7,1382.92,0.241,106.09,3.8,1,7686.4
ORD100865,2025-10-29 14:56:21,2025,Central,Sports,Website,Consumer,UPI,4,1266.81,0.281,79.58,3.9,0,3477.95
ORD100866,2025-09-08 19:05:04,2025,East,Beauty,Marketplace,Home Office,UPI,1,866.0,0.287,220.52,4.3,0,854.17
ORD100867,2025-02-09 00:39:35,2025,West,Electronics,Marketplace,Corporate,COD,7,2827.76,0.128,194.63,5.0,1,17375.64
ORD100868,2022-03-07 16:12:06,2022,North,Home & Kitchen,Website,Consumer,UPI,6,1926.9,0.079,200.23,3.7,0,9334.57
ORD100869,2020-05-06 12:29:34,2020,North,Sports,Website,Home Office,COD,6,1479.24,0.183,38.62,3.5,0,8120.54
ORD100870,2023-04-27 10:51:15,2023,North,Sports,Mobile App,Home Office,Net Banking,7,1591.9,0.188,231.33,3.1,0,9958.29
ORD100871,2020-07-18 08:37:39,2020,North,Beauty,Website,Corporate,Net Banking,2,1006.19,0.187,156.44,4.1,0,1884.22
ORD100872,2022-04-24 09:14:56,2022,Central,Sports,Marketplace,Consumer,Debit Card,7,1483.84,0.097,140.84,3.1,0,9123.09
ORD100873,2023-08-04 22:11:45,2023,West,Electronics,Marketplace,Home Office,UPI,2,2191.73,0.019,32.33,3.7,0,4840.24
ORD100874,2025-08-16 10:59:46,2025,West,Home & Kitchen,Marketplace,Consumer,Debit Card,7,2044.39,0.063,227.49,3.4,0,14281.94
ORD100875,2021-01-08 21:32:35,2021,South,Beauty,Website,Corporate,COD,2,705.13,0.046,149.66,4.7,0,1762.78
ORD100876,2020-10-05 21:24:18,2020,Central,Books,Website,Home Office,COD,4,575.87,0.037,211.53,3.7,0,2316.34
ORD100877,2024-02-21 22:58:42,2024,North,Clothing,Marketplace,Corporate,Debit Card,6,1366.34,0.278,174.21,4.3,1,6607.32
ORD100878,2022-12-18 18:30:30,2022,Central,Clothing,Website,Consumer,COD,1,1516.08,0.004,205.27,3.0,0,1770.48
ORD100879,2024-03-21 13:28:41,2024,North,Home & Kitchen,Mobile App,Consumer,Net Banking,1,2322.82,0.181,182.44,4.1,0,2072.81
ORD100880,2022-11-09 02:56:50,2022,North,Clothing,Mobile App,Corporate,UPI,6,1543.96,0.284,232.61,3.2,0,7652.38
ORD100881,2021-09-08 09:20:08,2021,North,Beauty,Marketplace,Home Office,Net Banking,1,924.38,0.108,79.61,3.7,0,861.94
ORD100882,2024-10-18 18:22:57,2024,West,Beauty,Website,Home Office,Net Banking,5,758.88,0.158,74.46,5.0,0,3373.72
ORD100883,2021-08-06 08:44:38,2021,South,Sports,Marketplace,Consumer,Debit Card,7,1610.32,0.209,186.76,4.6,0,8140.77
ORD100884,2023-12-22 02:55:20,2023,East,Books,Marketplace,Consumer,Net Banking,5,664.88,0.095,140.31,3.9,0,3292.95
ORD100885,2022-04-01 08:18:32,2022,East,Electronics,Website,Home Office,COD,4,2778.22,0.143,161.82,5.0,0,9926.31
ORD100886,2019-03-09 22:23:11,2019,West,Clothing,Mobile App,Consumer,Debit Card,3,1565.1,0.245,185.88,3.4,0,3816.95
ORD100887,2022-09-18 00:00:31,2022,South,Clothing,Website,Consumer,Credit Card,5,1110.11,0.224,150.43,4.8,0,4617.97
ORD100888,2019-05-07 10:01:16,2019,North,Clothing,Mobile App,Corporate,COD,5,1484.49,0.243,203.29,3.0,0,6348.46
ORD100889,2025-07-07 12:42:33,2025,South,Sports,Website,Corporate,COD,4,1851.13,0.296,100.15,3.8,0,5430.35
ORD100890,2023-03-18 14:00:06,2023,South,Electronics,Website,Consumer,Net Banking,2,2474.03,0.111,218.98,3.1,0,4818.67
ORD100891,2021-08-08 21:56:51,2021,West,Electronics,Mobile App,Consumer,Net Banking,5,2479.76,0.224,53.69,4.2,0,10534.69
ORD100892,2022-05-27 16:58:00,2022,West,Books,Mobile App,Consumer,UPI,6,563.8,0.181,169.48,4.0,0,2933.51
ORD100893,2023-05-02 14:57:58,2023,North,Books,Website,Corporate,Debit Card,5,605.19,0.2,225.83,3.8,0,2722.69
ORD100894,2020-10-27 00:46:02,2020,West,Clothing,Website,Consumer,UPI,1,1185.48,0.222,85.59,4.7,0,993.14
ORD100895,2021-01-07 03:13:56,2021,North,Clothing,Website,Consumer,Debit Card,5,1038.5,0.225,101.9,3.6,0,3943.88
ORD100896,2021-12-06 02:02:20,2021,West,Beauty,Marketplace,Corporate,COD,6,1084.72,0.266,97.2,4.2,0,5906.53
ORD100897,2020-10-22 21:51:07,2020,South,Beauty,Mobile App,Consumer,Credit Card,2,1141.86,0.105,154.14,4.5,0,2343.86
ORD100898,2024-04-21 05:15:02,2024,South,Books,Website,Consumer,COD,6,671.69,0.196,120.83,3.0,0,3364.98
ORD100899,2019-09-23 08:27:13,2019,East,Home & Kitchen,Website,Corporate,UPI,4,1680.57,0.084,53.75,3.5,0,6207.73
ORD100900,2024-10-13 19:39:17,2024,South,Electronics,Marketplace,Consumer,UPI,4,1763.17,0.178,226.08,4.0,0,6379.49
ORD100901,2021-06-09 20:04:20,2021,West,Home & Kitchen,Website,Corporate,COD,6,1627.34,0.225,75.03,4.4,1,7849.69
ORD100902,2022-12-05 11:40:04,2022,Central,Beauty,Marketplace,Corporate,UPI,4,1092.2,0.237,147.5,4.9,0,3563.06
ORD100903,2020-02-08 05:21:45,2020,Central,Beauty,Mobile App,Corporate,Net Banking,4,999.63,0.126,160.86,3.9,0,4359.71
ORD100904,2021-09-12 00:06:19,2021,East,Beauty,Website,Corporate,Net Banking,3,1153.51,0.153,38.97,3.8,0,3307.04
ORD100905,2024-04-12 17:59:53,2024,East,Books,Website,Home Office,Credit Card,7,516.16,0.1,51.06,3.4,0,2641.39
ORD100906,2020-11-22 21:37:19,2020,East,Sports,Website,Consumer,UPI,7,1579.96,0.051,243.77,4.2,0,10603.93
ORD100907,2019-12-05 02:19:51,2019,West,Clothing,Marketplace,Consumer,Credit Card,1,1539.88,0.078,176.19,3.8,0,1611.99
ORD100908,2020-02-20 07:50:43,2020,East,Home & Kitchen,Mobile App,Consumer,UPI,6,1581.65,0.274,37.38,3.8,0,7008.42
ORD100909,2021-03-15 12:00:02,2021,East,Sports,Mobile App,Home Office,Net Banking,1,1920.37,0.093,204.72,3.9,0,2050.33
ORD100910,2022-02-25 09:04:08,2022,East,Home & Kitchen,Website,Home Office,COD,3,1936.47,0.292,141.88,4.4,0,3638.94
ORD100911,2022-12-12 19:51:07,2022,South,Home & Kitchen,Marketplace,Home Office,COD,7,1357.82,0.072,46.54,3.6,0,6858.74
ORD100912,2023-06-23 05:55:10,2023,East,Clothing,Website,Corporate,COD,2,992.98,0.217,179.77,3.5,0,1727.35
ORD100913,2023-09-26 12:33:49,2023,West,Clothing,Mobile App,Corporate,Net Banking,3,1605.78,0.172,139.86,4.3,0,4741.98
ORD100914,2024-11-27 23:56:42,2024,East,Sports,Marketplace,Corporate,COD,2,1657.36,0.209,75.08,2.0,0,2161.3
ORD100915,2019-06-18 21:33:47,2019,Central,Books,Marketplace,Consumer,Net Banking,6,643.33,0.193,223.09,3.6,0,3112.83
ORD100916,2021-07-15 02:23:10,2021,Central,Sports,Mobile App,Corporate,Net Banking,4,1771.81,0.212,94.1,3.3,0,5397.35
ORD100917,2019-01-03 17:28:57,2019,East,Clothing,Marketplace,Corporate,COD,5,1275.63,0.272,92.6,4.8,0,5015.49
ORD100918,2019-01-25 03:15:04,2019,Central,Electronics,Website,Consumer,Credit Card,7,2616.32,0.169,90.01,3.7,0,17707.04
ORD100919,2020-06-26 13:55:43,2020,North,Electronics,Marketplace,Home Office,Debit Card,4,2784.41,0.02,198.84,3.6,0,10920.65
ORD100920,2023-03-09 20:29:48,2023,Central,Home & Kitchen,Mobile App,Home Office,COD,6,1520.45,0.081,185.35,4.0,0,8835.22
ORD100921,2025-04-05 08:54:47,2025,South,Beauty,Mobile App,Consumer,Credit Card,1,1053.25,0.212,228.69,3.6,0,1174.92
ORD100922,2024-05-31 04:06:54,2024,East,Books,Website,Home Office,Credit Card,2,505.61,0.148,80.45,3.7,0,943.61
ORD100923,2023-07-10 22:03:38,2023,South,Books,Marketplace,Consumer,UPI,7,509.75,0.165,203.0,4.1,0,3127.76
ORD100924,2024-06-11 23:40:53,2024,East,Electronics,Marketplace,Home Office,Credit Card,7,2149.43,0.179,156.07,3.7,0,13436.17
ORD100925,2020-03-15 12:44:08,2020,South,Sports,Marketplace,Home Office,Debit Card,5,1837.57,0.115,97.91,3.7,0,8539.81
ORD100926,2024-11-16 14:51:11,2024,West,Clothing,Website,Consumer,COD,3,990.77,0.232,37.8,3.3,0,2374.12
ORD100927,2025-03-25 12:21:08,2025,North,Clothing,Mobile App,Corporate,UPI,2,1285.26,0.217,210.17,3.3,0,2469.02
ORD100928,2019-08-31 23:01:08,2019,Central,Beauty,Marketplace,Consumer,Net Banking,6,1011.62,0.214,83.04,4.0,0,4719.47
ORD100929,2022-04-16 04:58:37,2022,Central,Electronics,Mobile App,Home Office,Net Banking,6,1783.6,0.215,168.98,4.2,0,9566.49
ORD100930,2024-10-22 13:48:19,2024,East,Home & Kitchen,Marketplace,Consumer,COD,2,2134.33,0.267,150.75,3.1,0,3191.4
ORD100931,2022-05-01 21:22:21,2022,East,Beauty,Marketplace,Consumer,Net Banking,5,1141.24,0.179,30.98,4.5,0,5180.28
ORD100932,2024-11-18 05:57:13,2024,West,Clothing,Website,Consumer,UPI,5,1040.02,0.29,248.76,4.5,0,3610.69
ORD100933,2025-07-19 05:53:05,2025,North,Beauty,Mobile App,Consumer,Debit Card,4,750.71,0.036,209.15,4.6,0,3598.31
ORD100934,2022-04-28 05:48:38,2022,West,Home & Kitchen,Website,Consumer,COD,7,2314.36,0.19,137.02,4.2,0,13760.14
ORD100935,2019-06-02 01:09:05,2019,South,Sports,Mobile App,Corporate,COD,1,1288.23,0.215,179.68,4.4,0,1234.01
ORD100936,2021-05-19 04:11:25,2021,West,Clothing,Mobile App,Corporate,Net Banking,2,1031.44,0.143,134.85,5.0,0,2224.18
ORD100937,2020-07-03 23:53:45,2020,South,Electronics,Marketplace,Corporate,COD,1,2802.15,0.086,193.81,3.8,0,2820.58
ORD100938,2022-04-26 20:06:53,2022,West,Beauty,Marketplace,Consumer,Net Banking,5,1116.85,0.165,59.55,3.3,0,4735.02
ORD100939,2023-02-06 05:33:22,2023,West,Clothing,Mobile App,Consumer,UPI,5,1443.84,0.109,128.2,3.0,0,6557.32
ORD100940,2022-03-31 17:23:02,2022,South,Sports,Mobile App,Home Office,COD,7,1579.93,0.273,103.82,5.0,0,8379.79
ORD100941,2020-05-14 15:55:27,2020,West,Electronics,Mobile App,Consumer,UPI,4,2762.27,0.107,131.12,5.0,0,11180.99
ORD100942,2021-02-08 18:39:50,2021,East,Beauty,Mobile App,Consumer,Credit Card,2,999.48,0.053,129.1,3.4,0,2190.24
ORD100943,2023-10-03 20:54:17,2023,South,Books,Mobile App,Corporate,Credit Card,4,611.66,0.173,61.48,3.5,0,2130.9
ORD100944,2019-03-10 23:14:57,2019,East,Electronics,Marketplace,Consumer,Net Banking,1,2670.86,0.119,244.83,3.8,0,2375.87
ORD100945,2020-07-01 05:16:38,2020,Central,Clothing,Marketplace,Corporate,UPI,5,1442.07,0.029,33.41,4.8,0,7762.01
ORD100946,2025-03-30 19:47:39,2025,North,Books,Marketplace,Home Office,Net Banking,5,564.86,0.169,32.22,3.2,0,2444.54
ORD100947,2019-09-11 10:41:06,2019,Central,Beauty,Website,Consumer,COD,7,867.91,0.161,112.16,2.7,0,4928.33
ORD100948,2021-11-26 02:10:23,2021,Central,Clothing,Mobile App,Home Office,Net Banking,3,1334.74,0.052,166.48,5.0,0,4645.61
ORD100949,2020-06-13 01:17:51,2020,East,Clothing,Mobile App,Corporate,Credit Card,3,1348.57,0.179,69.52,4.2,0,4056.71
ORD100950,2019-09-25 11:41:58,2019,West,Sports,Mobile App,Corporate,COD,1,1422.69,0.17,147.3,4.3,0,1417.1
ORD100951,2021-12-16 12:11:47,2021,South,Books,Mobile App,Corporate,Credit Card,3,548.06,0.232,189.01,3.9,0,1536.37
ORD100952,2022-08-25 19:20:32,2022,North,Home & Kitchen,Marketplace,Corporate,Net Banking,4,2143.85,0.108,50.69,4.3,0,8164.4
ORD100953,2020-03-26 05:01:40,2020,East,Home & Kitchen,Mobile App,Consumer,Debit Card,6,1762.35,0.075,246.57,3.0,0,10151.84
ORD100954,2019-07-18 20:11:50,2019,Central,Sports,Website,Consumer,UPI,6,1146.09,0.285,104.07,3.5,0,5525.34
ORD100955,2019-12-11 06:32:51,2019,South,Clothing,Mobile App,Home Office,UPI,1,1177.36,0.168,171.33,4.1,1,1291.2
ORD100956,2023-07-24 08:19:55,2023,West,Clothing,Marketplace,Consumer,UPI,2,1140.7,0.008,54.36,2.5,0,2324.0
ORD100957,2025-01-07 21:07:55,2025,West,Sports,Website,Home Office,COD,4,1779.71,0.246,186.09,3.8,0,5854.87
ORD100958,2020-04-05 19:46:45,2020,West,Clothing,Website,Corporate,COD,3,1296.24,0.059,214.9,3.8,0,4459.61
ORD100959,2021-03-29 22:26:45,2021,South,Sports,Marketplace,Home Office,Debit Card,1,1356.26,0.236,53.16,3.8,0,1094.42
ORD100960,2021-05-28 19:01:07,2021,South,Home & Kitchen,Website,Corporate,COD,6,2152.6,0.212,57.69,3.6,0,11410.03
ORD100961,2021-07-11 02:22:51,2021,East,Books,Mobile App,Corporate,UPI,6,418.31,0.291,91.83,3.4,0,2201.8
ORD100962,2020-09-16 10:22:04,2020,Central,Electronics,Marketplace,Corporate,COD,4,1860.84,0.29,32.63,2.8,0,5966.83
ORD100963,2019-05-22 06:30:28,2019,Central,Books,Website,Corporate,Credit Card,3,662.65,0.082,246.93,4.1,0,2098.22
ORD100964,2022-09-04 07:09:08,2022,East,Clothing,Mobile App,Consumer,UPI,6,1368.72,0.23,161.64,3.8,0,6378.85
ORD100965,2021-07-02 10:28:55,2021,Central,Electronics,Website,Corporate,Net Banking,1,2586.12,0.095,163.67,3.1,0,2641.99
ORD100966,2021-05-24 19:27:43,2021,East,Sports,Website,Corporate,Credit Card,4,1816.5,0.189,240.97,4.0,0,6249.88
ORD100967,2020-11-07 20:19:53,2020,South,Beauty,Website,Consumer,Credit Card,6,1141.27,0.179,213.05,3.8,0,5147.31
ORD100968,2025-07-03 09:24:17,2025,North,Books,Website,Home Office,Net Banking,7,431.69,0.016,209.13,3.7,0,3354.69
ORD100969,2023-04-10 09:35:45,2023,West,Electronics,Mobile App,Corporate,Credit Card,2,2617.07,0.002,104.69,2.6,0,6150.68
ORD100970,2021-12-06 04:13:51,2021,West,Electronics,Mobile App,Consumer,Net Banking,5,2507.61,0.017,103.67,4.4,0,11540.72
ORD100971,2020-06-08 23:27:44,2020,Central,Beauty,Website,Home Office,UPI,2,777.48,0.038,94.18,3.2,0,1559.4
ORD100972,2024-08-09 16:07:33,2024,West,Books,Marketplace,Consumer,UPI,1,694.34,0.077,106.27,4.0,0,736.13
ORD100973,2025-03-20 15:53:25,2025,North,Home & Kitchen,Marketplace,Corporate,Credit Card,3,1750.16,0.272,111.29,3.5,0,4310.17
ORD100974,2019-03-24 14:33:52,2019,East,Sports,Website,Corporate,Net Banking,7,1857.28,0.156,60.8,3.7,0,10884.89
ORD100975,2025-07-04 05:28:09,2025,West,Books,Marketplace,Corporate,Credit Card,5,595.55,0.239,108.31,4.7,0,2286.55
ORD100976,2023-11-23 17:13:34,2023,East,Books,Website,Home Office,UPI,4,571.84,0.251,128.28,4.3,0,1918.09
ORD100977,2019-09-13 04:02:10,2019,East,Beauty,Mobile App,Home Office,Net Banking,2,753.96,0.22,98.06,4.7,0,1162.58
ORD100978,2024-04-09 01:38:52,2024,Central,Sports,Mobile App,Corporate,Debit Card,1,1879.32,0.117,66.38,4.2,0,1902.36
ORD100979,2019-10-02 12:31:36,2019,West,Beauty,Mobile App,Home Office,Debit Card,2,950.55,0.259,112.15,4.3,1,1540.44
ORD100980,2019-05-11 00:04:02,2019,West,Sports,Marketplace,Home Office,Credit Card,2,1130.03,0.223,135.8,2.8,0,1873.2
ORD100981,2019-10-22 18:35:06,2019,East,Beauty,Marketplace,Home Office,UPI,2,684.05,0.223,188.56,3.8,0,1276.88
ORD100982,2022-03-21 07:56:17,2022,South,Beauty,Website,Corporate,UPI,5,1059.93,0.27,186.47,3.9,1,4939.72
ORD100983,2023-05-03 14:51:23,2023,East,Home & Kitchen,Mobile App,Consumer,Net Banking,1,1510.32,0.18,74.59,4.8,1,1190.84
ORD100984,2021-11-07 02:56:12,2021,Central,Beauty,Marketplace,Consumer,UPI,1,971.38,0.159,38.06,3.7,0,914.95
ORD100985,2019-11-08 18:03:50,2019,West,Sports,Marketplace,Corporate,Credit Card,4,1686.89,0.267,96.84,4.2,0,4351.69
ORD100986,2020-05-24 01:47:27,2020,West,Books,Marketplace,Corporate,COD,3,497.01,0.136,64.57,4.1,0,1623.94
ORD100987,2024-12-18 16:32:27,2024,North,Beauty,Mobile App,Consumer,Credit Card,4,956.81,0.243,117.07,4.8,1,2622.54
ORD100988,2025-09-26 11:11:39,2025,Central,Electronics,Website,Consumer,Net Banking,1,1940.71,0.016,245.46,3.9,0,2575.18
ORD100989,2024-04-11 22:01:54,2024,South,Beauty,Mobile App,Home Office,Credit Card,2,1143.43,0.0,69.84,4.5,0,2374.53
ORD100990,2019-09-22 07:49:13,2019,Central,Clothing,Marketplace,Home Office,COD,4,1590.02,0.158,100.15,2.9,0,6018.5
ORD100991,2024-09-26 10:21:16,2024,East,Electronics,Marketplace,Home Office,COD,5,1998.53,0.022,189.53,3.0,1,10826.4
ORD100992,2023-11-04 17:21:54,2023,Central,Electronics,Marketplace,Consumer,Debit Card,3,2289.87,0.293,142.02,2.5,0,4824.27
ORD100993,2022-09-06 14:39:25,2022,Central,Beauty,Marketplace,Consumer,Net Banking,4,922.81,0.002,39.66,4.5,0,3616.37
ORD100994,2020-01-02 02:49:32,2020,West,Books,Mobile App,Consumer,Debit Card,4,702.91,0.215,65.57,4.4,0,2205.31
ORD100995,2025-12-22 12:10:00,2025,Central,Beauty,Website,Home Office,COD,2,870.04,0.073,235.75,4.6,0,1965.27
ORD100996,2022-02-05 07:14:58,2022,West,Home & Kitchen,Mobile App,Corporate,Credit Card,2,1906.61,0.29,52.7,3.6,0,2995.09
ORD100997,2019-04-23 21:52:39,2019,Central,Electronics,Mobile App,Home Office,COD,3,2773.73,0.114,169.72,3.6,0,7330.07
ORD100998,2020-06-20 16:18:27,2020,North,Sports,Marketplace,Corporate,Net Banking,1,1259.32,0.008,204.31,3.9,0,1637.32
ORD100999,2021-10-22 15:11:52,2021,North,Electronics,Mobile App,Corporate,Net Banking,5,2316.09,0.008,88.4,4.9,0,12069.14
ORD101000,2019-06-09 07:22:32,2019,East,Books,Marketplace,Corporate,Credit Card,5,444.47,0.166,189.52,5.0,0,2148.31
ORD101001,2021-04-07 23:34:15,2021,Central,Sports,Website,Home Office,COD,3,1634.44,0.296,67.38,4.5,0,3549.46
ORD101002,2022-04-12 05:45:12,2022,West,Books,Marketplace,Corporate,Net Banking,3,523.12,0.294,92.65,4.2,0,1230.02
ORD101003,2025-08-21 17:42:34,2025,East,Clothing,Mobile App,Corporate,COD,3,1666.86,0.101,98.6,4.9,0,4957.2
ORD101004,2019-08-09 18:35:18,2019,East,Electronics,Marketplace,Home Office,COD,5,2152.65,0.145,249.22,3.8,1,10612.44
ORD101005,2023-01-14 10:57:31,2023,West,Clothing,Mobile App,Corporate,UPI,6,1072.37,0.03,77.21,3.7,0,6980.9
ORD101006,2025-05-29 16:27:03,2025,Central,Sports,Mobile App,Home Office,COD,1,1813.05,0.157,58.43,3.9,1,1602.82
ORD101007,2024-08-22 14:58:42,2024,Central,Clothing,Website,Corporate,COD,3,1561.92,0.18,233.65,3.4,0,4340.38
ORD101008,2025-06-22 03:36:42,2025,North,Books,Marketplace,Home Office,Credit Card,1,622.7,0.075,65.62,3.9,0,664.94
ORD101009,2020-03-11 09:24:36,2020,East,Electronics,Marketplace,Corporate,COD,4,2556.06,0.184,223.44,3.3,0,8486.54
ORD101010,2024-08-10 05:35:42,2024,South,Electronics,Marketplace,Corporate,Debit Card,2,1970.31,0.27,173.1,4.7,0,3406.3
ORD101011,2025-11-06 09:19:58,2025,West,Clothing,Website,Consumer,Credit Card,3,1434.07,0.0,156.91,4.4,0,4550.37
ORD101012,2021-04-13 08:09:03,2021,East,Sports,Website,Corporate,Credit Card,4,1156.37,0.069,195.29,4.9,0,4166.05
ORD101013,2022-06-28 12:32:39,2022,Central,Beauty,Marketplace,Consumer,Credit Card,3,772.46,0.063,189.72,2.9,0,2700.02
ORD101014,2022-09-18 19:55:54,2022,East,Home & Kitchen,Website,Corporate,UPI,3,2272.96,0.037,54.32,5.0,0,7986.21
ORD101015,2022-06-15 19:49:11,2022,West,Beauty,Mobile App,Home Office,Net Banking,6,1040.92,0.05,249.88,3.0,0,6018.62
ORD101016,2021-01-10 16:22:30,2021,North,Beauty,Mobile App,Corporate,Net Banking,6,789.18,0.188,237.22,3.2,0,4173.32
ORD101017,2025-09-10 19:20:13,2025,Central,Beauty,Marketplace,Corporate,Net Banking,1,730.13,0.031,227.25,3.6,0,1027.95
ORD101018,2021-08-31 03:38:45,2021,North,Beauty,Marketplace,Consumer,Debit Card,3,1144.72,0.222,166.9,4.9,0,2514.86
ORD101019,2024-08-20 07:50:07,2024,South,Electronics,Marketplace,Home Office,Credit Card,6,1785.75,0.266,145.01,4.1,0,8883.62
ORD101020,2021-10-13 01:46:30,2021,Central,Clothing,Website,Corporate,Net Banking,4,1158.81,0.278,147.98,3.8,0,3632.74
ORD101021,2024-07-24 12:51:43,2024,Central,Beauty,Mobile App,Corporate,COD,2,765.4,0.198,33.29,3.5,0,1600.11
ORD101022,2023-02-03 15:04:11,2023,East,Electronics,Marketplace,Consumer,UPI,5,1659.03,0.059,139.88,3.1,1,7421.59
ORD101023,2022-04-16 18:05:19,2022,East,Home & Kitchen,Marketplace,Consumer,Credit Card,2,1660.99,0.026,167.23,4.7,0,3372.3
ORD101024,2019-11-24 07:15:33,2019,North,Electronics,Website,Consumer,COD,1,2828.76,0.07,174.92,4.5,0,3090.09
ORD101025,2023-08-01 03:13:17,2023,Central,Sports,Marketplace,Home Office,COD,5,1407.07,0.289,103.07,4.9,0,4973.19
ORD101026,2021-03-31 16:40:35,2021,North,Electronics,Mobile App,Home Office,COD,4,2260.21,0.289,133.68,4.3,0,6972.73
ORD101027,2020-07-08 06:58:35,2020,North,Electronics,Website,Consumer,UPI,6,2552.58,0.115,169.99,2.3,0,14923.87
ORD101028,2020-05-08 20:10:16,2020,East,Beauty,Mobile App,Consumer,Debit Card,3,947.78,0.098,124.23,3.2,0,2672.09
ORD101029,2025-11-14 16:17:59,2025,North,Clothing,Marketplace,Home Office,UPI,6,1506.67,0.153,241.67,4.3,0,7101.28
ORD101030,2019-09-21 23:49:18,2019,North,Home & Kitchen,Website,Corporate,COD,3,2005.02,0.088,185.2,3.8,0,5409.88
ORD101031,2024-08-03 00:46:07,2024,West,Clothing,Website,Consumer,Debit Card,6,1410.12,0.294,30.28,3.6,0,6283.77
ORD101032,2025-01-22 20:46:28,2025,West,Clothing,Marketplace,Corporate,Credit Card,1,1439.5,0.066,35.12,3.3,0,1536.32
ORD101033,2019-03-21 08:54:35,2019,South,Sports,Marketplace,Consumer,UPI,1,1784.31,0.111,181.87,4.6,0,1918.29
ORD101034,2023-02-15 07:55:51,2023,West,Sports,Website,Consumer,Net Banking,6,1710.91,0.129,120.78,4.3,0,8863.32
ORD101035,2023-01-15 20:19:07,2023,West,Clothing,Marketplace,Corporate,COD,6,1541.12,0.038,214.68,4.3,0,8712.68
ORD101036,2021-07-05 18:25:25,2021,South,Sports,Marketplace,Home Office,COD,7,1245.12,0.115,68.06,3.6,0,6316.92
ORD101037,2021-11-10 13:24:51,2021,West,Sports,Marketplace,Home Office,COD,3,1684.08,0.257,33.04,4.1,0,4655.7
ORD101038,2022-01-28 20:26:28,2022,East,Beauty,Website,Consumer,COD,1,1039.83,0.042,115.38,3.1,0,1158.39
ORD101039,2022-01-07 23:06:06,2022,Central,Beauty,Mobile App,Corporate,Net Banking,7,823.48,0.175,191.93,3.9,0,5617.9
ORD101040,2024-08-08 12:33:58,2024,North,Books,Marketplace,Home Office,COD,5,677.06,0.122,243.78,2.4,0,3287.76
ORD101041,2023-06-07 07:54:12,2023,South,Home & Kitchen,Marketplace,Home Office,COD,2,1651.66,0.051,224.4,3.0,0,2974.6
ORD101042,2021-08-26 20:15:30,2021,South,Home & Kitchen,Mobile App,Home Office,Debit Card,6,1591.39,0.004,136.5,3.8,0,9394.57
ORD101043,2025-06-26 19:44:29,2025,South,Beauty,Website,Consumer,Net Banking,7,1104.21,0.082,208.82,5.0,0,8323.22
ORD101044,2024-08-12 01:29:58,2024,Central,Books,Website,Consumer,COD,2,487.22,0.019,45.47,2.8,0,1054.15
ORD101045,2025-07-12 04:25:58,2025,West,Sports,Website,Consumer,UPI,6,1467.79,0.113,155.9,3.2,0,7480.76
ORD101046,2024-02-11 03:50:49,2024,East,Electronics,Website,Consumer,Net Banking,6,2095.19,0.243,233.35,4.1,0,8792.8
ORD101047,2021-09-27 15:41:02,2021,East,Home & Kitchen,Website,Consumer,Credit Card,4,2239.08,0.216,117.2,5.0,0,6844.44
ORD101048,2024-05-29 15:20:08,2024,Central,Sports,Website,Consumer,UPI,5,1500.57,0.284,241.22,4.1,0,5471.61
ORD101049,2021-04-21 14:16:34,2021,East,Clothing,Marketplace,Corporate,UPI,2,1471.43,0.128,78.55,4.5,0,3324.54
ORD101050,2020-11-23 11:51:16,2020,South,Books,Mobile App,Corporate,UPI,7,652.7,0.212,53.24,3.8,0,4041.82
ORD101051,2022-02-26 20:59:47,2022,North,Sports,Mobile App,Corporate,COD,7,1643.02,0.2,145.45,3.7,0,9498.82
ORD101052,2025-10-13 12:58:16,2025,South,Books,Marketplace,Consumer,Net Banking,7,697.97,0.065,229.59,4.1,0,4775.3
ORD101053,2022-12-22 15:21:26,2022,West,Electronics,Mobile App,Consumer,UPI,6,2621.03,0.091,98.48,3.6,0,15285.9
ORD101054,2021-09-07 17:16:00,2021,East,Beauty,Mobile App,Home Office,Net Banking,1,873.1,0.159,206.04,4.5,0,877.74
ORD101055,2022-03-26 09:45:28,2022,East,Beauty,Website,Corporate,Net Banking,3,1145.65,0.239,67.22,3.0,0,2990.58
ORD101056,2021-01-14 08:22:15,2021,East,Beauty,Mobile App,Consumer,Debit Card,4,934.66,0.139,194.03,4.6,0,3892.82
ORD101057,2021-06-14 16:27:19,2021,Central,Books,Website,Home Office,Net Banking,7,419.33,0.068,152.55,4.0,0,2920.29
ORD101058,2022-11-18 01:03:13,2022,Central,Home & Kitchen,Mobile App,Home Office,COD,4,1607.41,0.298,68.5,3.9,0,4461.54
ORD101059,2021-08-03 06:07:32,2021,North,Beauty,Marketplace,Home Office,Debit Card,4,982.76,0.035,187.98,2.9,0,3812.97
ORD101060,2021-03-30 17:58:28,2021,North,Sports,Mobile App,Consumer,Net Banking,2,1254.37,0.287,187.03,3.4,1,1782.11
ORD101061,2025-10-15 22:08:23,2025,South,Sports,Website,Corporate,Debit Card,6,1606.86,0.243,143.4,4.8,0,7951.02
ORD101062,2021-06-02 16:30:37,2021,Central,Sports,Marketplace,Home Office,Credit Card,3,1423.32,0.252,79.6,3.9,0,3354.92
ORD101063,2019-06-30 06:00:04,2019,East,Home & Kitchen,Marketplace,Home Office,COD,1,1879.04,0.238,59.1,4.2,0,1383.99
ORD101064,2021-08-25 16:23:45,2021,Central,Books,Mobile App,Consumer,Debit Card,7,413.07,0.062,240.6,3.4,0,3547.44
ORD101065,2022-09-22 03:50:29,2022,West,Electronics,Website,Home Office,Net Banking,2,2676.59,0.19,174.28,4.0,0,4796.23
ORD101066,2019-08-30 21:34:54,2019,East,Home & Kitchen,Marketplace,Corporate,Net Banking,1,1708.31,0.227,208.03,3.1,1,1414.07
ORD101067,2021-02-20 07:54:17,2021,South,Beauty,Website,Corporate,Net Banking,1,744.38,0.224,183.33,4.1,1,705.33
ORD101068,2020-02-29 10:56:46,2020,South,Electronics,Marketplace,Corporate,Net Banking,4,2179.88,0.081,212.48,4.2,0,8184.43
ORD101069,2022-07-03 15:46:05,2022,North,Home & Kitchen,Website,Home Office,Net Banking,1,1831.32,0.054,65.75,4.2,0,2024.48
ORD101070,2024-01-23 06:41:35,2024,East,Beauty,Mobile App,Consumer,Debit Card,6,990.51,0.098,139.33,3.4,0,6127.68
ORD101071,2025-10-11 10:27:06,2025,South,Beauty,Marketplace,Corporate,Net Banking,4,934.66,0.144,176.77,3.8,0,4120.96
ORD101072,2021-09-21 12:44:55,2021,South,Electronics,Website,Home Office,Debit Card,3,1702.66,0.172,52.75,4.3,0,4285.66
ORD101073,2025-01-15 11:44:11,2025,North,Clothing,Website,Corporate,Credit Card,1,1598.13,0.251,62.99,3.9,0,1337.98
ORD101074,2020-07-02 08:40:43,2020,West,Clothing,Website,Consumer,Net Banking,4,1301.4,0.231,169.48,3.8,0,3756.17
ORD101075,2024-06-17 22:48:33,2024,Central,Beauty,Mobile App,Consumer,COD,2,713.11,0.203,221.12,5.0,0,1451.63
ORD101076,2022-12-09 04:34:34,2022,East,Clothing,Mobile App,Corporate,Net Banking,7,1527.57,0.079,175.29,3.4,0,11081.77
ORD101077,2024-04-21 21:22:59,2024,East,Beauty,Website,Home Office,Net Banking,3,1001.78,0.144,37.97,4.7,0,2561.52
ORD101078,2024-04-15 03:49:03,2024,Central,Sports,Mobile App,Corporate,COD,4,1660.79,0.101,243.5,3.2,1,7885.16
ORD101079,2022-09-22 21:31:37,2022,East,Sports,Marketplace,Home Office,Credit Card,1,1477.2,0.07,60.69,4.4,0,1419.99
ORD101080,2020-10-19 23:19:02,2020,West,Clothing,Marketplace,Corporate,UPI,1,1268.51,0.003,81.16,4.5,0,1608.3
ORD101081,2022-09-06 22:14:29,2022,East,Books,Website,Corporate,Credit Card,2,574.74,0.102,244.49,3.7,0,1203.69
ORD101082,2024-10-14 06:35:54,2024,East,Electronics,Mobile App,Consumer,Net Banking,1,1711.22,0.077,199.63,3.2,0,2248.14
ORD101083,2025-10-17 00:06:31,2025,East,Electronics,Website,Corporate,COD,6,2011.74,0.172,236.05,2.7,0,10718.86
ORD101084,2025-06-28 16:51:29,2025,West,Electronics,Mobile App,Consumer,Debit Card,7,2845.35,0.019,207.46,3.6,0,21698.19
ORD101085,2020-04-08 19:54:56,2020,West,Clothing,Marketplace,Home Office,Net Banking,7,1448.47,0.081,173.38,4.3,0,10149.14
ORD101086,2023-03-07 22:34:11,2023,East,Books,Marketplace,Consumer,UPI,2,539.23,0.013,92.6,3.3,0,1111.0
ORD101087,2019-09-25 08:16:28,2019,North,Clothing,Website,Home Office,Net Banking,6,1133.99,0.192,101.91,4.1,0,5966.39
ORD101088,2023-09-06 19:55:30,2023,Central,Sports,Website,Consumer,Net Banking,4,1739.8,0.17,238.4,3.0,0,6433.62
ORD101089,2025-12-11 09:50:36,2025,Central,Home & Kitchen,Marketplace,Corporate,Debit Card,1,1607.69,0.101,219.34,3.8,1,1695.25
ORD101090,2019-05-15 09:13:17,2019,North,Electronics,Marketplace,Consumer,Net Banking,1,1846.47,0.044,109.09,3.3,0,1769.15
ORD101091,2023-08-06 04:47:30,2023,South,Home & Kitchen,Website,Consumer,Debit Card,4,1502.97,0.287,112.12,3.9,0,4414.53
ORD101092,2025-08-13 17:58:19,2025,Central,Electronics,Website,Home Office,Debit Card,3,2532.41,0.175,95.49,3.7,0,6304.41
ORD101093,2024-12-05 09:40:50,2024,South,Home & Kitchen,Mobile App,Consumer,Net Banking,1,1986.38,0.204,101.75,3.2,0,1945.29
ORD101094,2021-09-30 04:35:00,2021,Central,Beauty,Mobile App,Corporate,Net Banking,7,709.55,0.159,219.35,3.6,0,5215.73
ORD101095,2019-09-23 14:59:06,2019,West,Beauty,Mobile App,Home Office,Credit Card,6,731.95,0.242,32.31,3.4,0,3475.96
ORD101096,2025-06-19 11:44:46,2025,Central,Clothing,Marketplace,Corporate,Credit Card,4,1428.2,0.269,125.93,3.1,0,4871.42
ORD101097,2025-06-12 21:36:34,2025,North,Sports,Marketplace,Consumer,Debit Card,7,1596.17,0.115,237.42,4.7,0,8467.8
ORD101098,2023-01-19 20:47:50,2023,East,Beauty,Marketplace,Corporate,Credit Card,7,1014.57,0.207,149.38,3.8,0,5936.41
ORD101099,2025-11-07 01:19:02,2025,East,Clothing,Website,Corporate,Credit Card,7,1102.3,0.069,129.1,2.6,0,8079.65
ORD101100,2019-01-12 19:20:08,2019,Central,Home & Kitchen,Marketplace,Consumer,Credit Card,2,2069.32,0.196,98.72,3.6,0,3731.91
ORD101101,2023-04-26 01:21:44,2023,South,Electronics,Marketplace,Consumer,Credit Card,7,2782.68,0.12,46.26,4.6,0,17462.23
ORD101102,2019-04-09 12:19:13,2019,South,Books,Mobile App,Corporate,Debit Card,4,594.32,0.002,79.39,3.5,0,3075.25
ORD101103,2025-07-19 15:13:47,2025,North,Sports,Mobile App,Corporate,Debit Card,6,1286.81,0.287,49.9,5.0,0,6672.44
ORD101104,2023-10-06 03:36:40,2023,West,Clothing,Marketplace,Consumer,Net Banking,7,1460.87,0.261,57.87,3.4,0,7317.49
ORD101105,2025-05-23 17:22:05,2025,Central,Sports,Marketplace,Corporate,Credit Card,2,1408.04,0.087,65.97,4.3,0,2816.12
ORD101106,2022-12-09 04:18:23,2022,North,Sports,Mobile App,Corporate,COD,4,1165.66,0.299,96.45,4.7,0,3903.02
ORD101107,2019-08-01 19:41:32,2019,South,Beauty,Website,Consumer,Debit Card,1,824.66,0.095,32.42,4.3,0,750.79
ORD101108,2019-03-09 19:36:20,2019,South,Electronics,Mobile App,Corporate,Net Banking,2,2745.76,0.138,239.03,3.1,0,6269.58
ORD101109,2021-05-07 17:25:04,2021,Central,Books,Marketplace,Home Office,UPI,3,536.87,0.255,57.24,3.4,0,1145.64
ORD101110,2024-03-15 06:48:28,2024,East,Books,Website,Corporate,UPI,6,674.06,0.091,114.29,4.8,0,4197.4
ORD101111,2020-01-22 00:55:36,2020,South,Books,Marketplace,Corporate,Debit Card,7,566.37,0.135,223.5,3.5,0,4177.2
ORD101112,2024-12-18 02:00:12,2024,South,Books,Website,Home Office,Credit Card,3,568.89,0.2,53.44,4.6,0,1383.19
ORD101113,2020-09-04 02:52:24,2020,East,Books,Marketplace,Corporate,Debit Card,3,414.08,0.039,136.39,3.7,1,1374.67
ORD101114,2022-06-22 20:14:02,2022,South,Sports,Mobile App,Consumer,UPI,4,1650.61,0.127,215.85,4.1,0,6181.13
ORD101115,2022-04-05 11:25:27,2022,North,Electronics,Website,Corporate,Debit Card,7,1780.45,0.093,152.53,3.1,0,13176.93
ORD101116,2022-03-01 18:10:02,2022,Central,Home & Kitchen,Website,Corporate,Net Banking,7,1823.96,0.203,76.28,3.6,0,10629.57
ORD101117,2019-01-14 23:44:32,2019,East,Clothing,Website,Corporate,Net Banking,2,1161.13,0.041,191.81,3.4,0,2388.97
ORD101118,2022-12-22 07:49:42,2022,South,Clothing,Marketplace,Consumer,Credit Card,2,1255.55,0.07,179.9,4.1,0,2746.74
ORD101119,2024-07-03 16:14:23,2024,West,Sports,Mobile App,Consumer,Credit Card,5,1568.09,0.213,109.68,4.1,0,6739.95
ORD101120,2025-07-21 02:55:07,2025,West,Sports,Marketplace,Corporate,Debit Card,3,1136.93,0.047,40.18,4.3,0,3840.48
ORD101121,2021-04-25 07:26:46,2021,North,Beauty,Website,Home Office,Debit Card,2,815.87,0.127,31.73,3.7,0,1544.7
ORD101122,2025-02-28 18:40:50,2025,North,Sports,Marketplace,Home Office,Net Banking,1,1941.43,0.214,211.59,3.4,1,2040.56
ORD101123,2025-02-24 02:52:31,2025,North,Electronics,Marketplace,Home Office,Credit Card,3,1719.45,0.23,100.74,4.1,0,4435.95
ORD101124,2025-12-01 07:21:03,2025,West,Clothing,Website,Consumer,Net Banking,3,1203.37,0.028,60.31,3.3,1,3362.57
ORD101125,2021-08-11 13:01:43,2021,West,Books,Mobile App,Corporate,COD,4,509.73,0.256,144.08,4.7,0,1935.87
ORD101126,2024-12-14 21:05:17,2024,West,Home & Kitchen,Marketplace,Corporate,Credit Card,2,1725.59,0.217,232.58,3.9,0,3028.29
ORD101127,2022-12-15 08:08:21,2022,West,Beauty,Website,Corporate,COD,6,1013.97,0.102,31.87,3.8,0,5719.12
ORD101128,2019-05-29 22:33:29,2019,East,Home & Kitchen,Website,Corporate,Credit Card,5,1595.27,0.229,42.35,4.3,0,5931.79
ORD101129,2020-11-21 23:50:47,2020,East,Clothing,Marketplace,Corporate,Credit Card,4,1304.09,0.218,121.75,4.0,0,4433.18
ORD101130,2023-09-14 18:19:15,2023,West,Sports,Mobile App,Consumer,Net Banking,2,1657.01,0.18,178.71,2.9,0,3143.4
ORD101131,2020-02-15 11:07:45,2020,South,Sports,Website,Home Office,Net Banking,4,1390.92,0.168,134.74,3.3,0,4738.55
ORD101132,2022-01-16 04:11:46,2022,Central,Sports,Marketplace,Home Office,Debit Card,5,1907.74,0.22,227.46,4.7,0,6993.27
ORD101133,2024-06-03 15:57:01,2024,Central,Home & Kitchen,Marketplace,Consumer,Credit Card,3,2319.88,0.3,39.7,4.1,0,4313.02
ORD101134,2020-01-18 18:50:52,2020,Central,Beauty,Website,Corporate,UPI,2,734.24,0.174,104.83,2.9,1,1663.67
ORD101135,2022-06-23 06:50:46,2022,Central,Books,Website,Corporate,COD,4,516.51,0.243,107.3,4.2,0,1851.93
ORD101136,2020-07-03 04:17:22,2020,South,Beauty,Website,Home Office,COD,3,777.95,0.223,104.83,3.6,0,1791.76
ORD101137,2022-10-03 06:18:54,2022,North,Home & Kitchen,Marketplace,Home Office,COD,3,1534.92,0.257,137.29,3.4,0,3690.1
ORD101138,2020-09-07 06:12:15,2020,East,Clothing,Website,Corporate,Debit Card,3,1326.05,0.286,203.93,3.3,0,3863.69
ORD101139,2025-10-03 14:28:34,2025,West,Beauty,Marketplace,Home Office,COD,3,954.09,0.058,99.93,4.6,0,2935.0
ORD101140,2019-07-16 01:09:20,2019,West,Home & Kitchen,Mobile App,Home Office,Debit Card,6,1771.4,0.05,193.79,2.7,0,8316.11
ORD101141,2025-09-28 21:50:46,2025,South,Beauty,Mobile App,Home Office,UPI,4,809.91,0.176,62.22,3.5,0,3443.78
ORD101142,2024-07-17 00:46:37,2024,South,Electronics,Marketplace,Consumer,UPI,4,1987.13,0.135,153.36,4.1,0,5988.99
ORD101143,2024-12-27 00:30:37,2024,East,Clothing,Marketplace,Home Office,Credit Card,5,1684.37,0.171,112.52,5.0,0,6977.32
ORD101144,2020-04-24 12:42:15,2020,Central,Sports,Website,Corporate,Credit Card,3,1887.03,0.239,148.63,4.4,0,4376.83
ORD101145,2025-07-07 20:53:31,2025,North,Home & Kitchen,Website,Consumer,COD,1,1425.14,0.28,53.7,3.5,0,1015.88
ORD101146,2023-02-27 23:03:50,2023,South,Home & Kitchen,Website,Home Office,Credit Card,6,1999.99,0.125,239.76,5.0,0,10984.04
ORD101147,2025-09-25 06:34:37,2025,South,Beauty,Marketplace,Home Office,Net Banking,1,901.15,0.215,229.37,3.1,0,781.57
ORD101148,2025-02-22 13:04:32,2025,Central,Home & Kitchen,Mobile App,Corporate,Credit Card,5,2031.93,0.059,211.81,4.2,0,10896.69
ORD101149,2023-01-21 11:36:06,2023,East,Sports,Website,Corporate,Net Banking,2,1617.49,0.16,226.41,4.3,0,3471.12
ORD101150,2021-08-15 03:06:56,2021,North,Clothing,Website,Corporate,Debit Card,2,1610.82,0.007,62.27,3.4,0,3284.65
ORD101151,2019-10-27 18:51:48,2019,South,Sports,Mobile App,Consumer,UPI,1,1180.27,0.151,140.82,4.5,0,1056.38
ORD101152,2019-09-16 10:15:23,2019,North,Clothing,Marketplace,Home Office,Debit Card,7,1224.96,0.164,99.94,3.7,0,7187.42
ORD101153,2021-09-23 02:20:47,2021,East,Home & Kitchen,Mobile App,Consumer,UPI,4,2325.64,0.221,225.22,4.5,0,7560.46
ORD101154,2024-09-03 19:42:29,2024,Central,Beauty,Marketplace,Corporate,COD,3,765.23,0.195,71.68,2.8,0,1974.56
ORD101155,2022-07-15 15:48:37,2022,East,Books,Marketplace,Consumer,Net Banking,6,451.02,0.108,78.39,4.2,0,2255.31
ORD101156,2022-05-16 09:18:11,2022,Central,Clothing,Marketplace,Home Office,COD,1,1496.21,0.002,181.08,3.7,0,1743.84
ORD101157,2020-09-16 19:46:10,2020,West,Beauty,Mobile App,Home Office,COD,4,1059.83,0.035,49.56,4.7,0,4511.19
ORD101158,2022-12-13 14:06:16,2022,Central,Electronics,Marketplace,Corporate,Credit Card,4,2463.45,0.292,191.12,4.0,0,7081.09
ORD101159,2023-06-19 22:05:39,2023,South,Electronics,Marketplace,Corporate,Net Banking,4,2589.2,0.277,88.99,4.8,1,7576.08
ORD101160,2025-11-15 08:39:34,2025,Central,Sports,Mobile App,Home Office,UPI,1,1697.32,0.098,175.41,4.3,0,1794.02
ORD101161,2024-02-08 09:21:06,2024,South,Sports,Mobile App,Home Office,COD,7,1237.01,0.078,222.07,3.9,0,7875.16
ORD101162,2023-04-02 00:46:40,2023,East,Home & Kitchen,Marketplace,Home Office,Net Banking,2,1952.14,0.131,164.11,4.5,0,3607.77
ORD101163,2025-05-15 03:45:03,2025,West,Beauty,Mobile App,Consumer,Net Banking,5,1059.55,0.207,76.79,4.5,0,4971.55
ORD101164,2021-12-22 05:56:07,2021,South,Home & Kitchen,Website,Corporate,COD,6,2206.86,0.107,40.82,4.3,0,12753.07
ORD101165,2025-07-17 17:30:23,2025,South,Clothing,Marketplace,Home Office,COD,3,1151.06,0.02,39.82,2.5,0,3091.5
ORD101166,2021-08-03 16:19:15,2021,North,Home & Kitchen,Website,Consumer,COD,1,1476.16,0.121,49.54,3.4,0,1389.34
ORD101167,2019-11-23 14:29:13,2019,North,Clothing,Marketplace,Home Office,UPI,3,1533.48,0.078,157.56,4.9,0,4336.64
ORD101168,2021-12-03 10:26:16,2021,East,Sports,Mobile App,Consumer,UPI,6,1336.65,0.097,106.61,3.2,0,7550.73
ORD101169,2019-11-26 03:02:40,2019,Central,Home & Kitchen,Mobile App,Home Office,COD,7,1381.61,0.049,83.48,4.6,0,10019.13
ORD101170,2019-10-30 15:04:24,2019,South,Clothing,Website,Corporate,Credit Card,7,1565.03,0.198,78.25,4.5,0,10102.71
ORD101171,2025-03-02 08:51:34,2025,East,Beauty,Mobile App,Home Office,Debit Card,2,925.47,0.158,238.69,3.5,0,1874.37
ORD101172,2024-07-24 09:10:41,2024,Central,Sports,Marketplace,Home Office,UPI,5,1394.47,0.081,56.14,2.7,0,6432.36
ORD101173,2020-07-19 10:00:47,2020,West,Clothing,Website,Consumer,Net Banking,2,983.17,0.166,97.06,3.6,0,2023.74
ORD101174,2024-11-11 04:54:10,2024,North,Books,Marketplace,Corporate,COD,5,423.19,0.148,133.72,5.0,0,2292.29
ORD101175,2019-06-26 02:44:03,2019,East,Home & Kitchen,Marketplace,Home Office,COD,3,2134.7,0.239,30.1,3.4,0,5230.6
ORD101176,2020-12-27 22:03:28,2020,North,Beauty,Marketplace,Consumer,Debit Card,5,917.4,0.287,232.61,3.5,0,3539.93
ORD101177,2023-12-10 19:06:31,2023,South,Books,Mobile App,Home Office,Net Banking,5,457.79,0.039,51.8,3.4,0,2153.15
ORD101178,2021-02-15 12:05:59,2021,South,Home & Kitchen,Website,Consumer,Debit Card,7,1704.92,0.265,180.14,4.8,0,9759.35
ORD101179,2024-02-11 04:00:45,2024,West,Clothing,Marketplace,Corporate,Debit Card,4,1093.19,0.211,168.35,3.8,0,3953.06
ORD101180,2025-02-12 19:09:38,2025,North,Sports,Mobile App,Corporate,Debit Card,3,1218.13,0.208,207.99,3.6,0,3323.57
ORD101181,2019-06-18 20:29:17,2019,South,Electronics,Mobile App,Home Office,COD,4,1984.33,0.112,173.31,4.9,0,7364.43
ORD101182,2019-03-03 06:26:14,2019,South,Home & Kitchen,Marketplace,Home Office,Credit Card,2,1894.01,0.103,199.27,4.4,0,3319.09
ORD101183,2022-08-23 06:56:29,2022,South,Books,Marketplace,Corporate,Debit Card,1,476.03,0.002,122.67,3.4,0,700.18
ORD101184,2022-07-18 13:09:47,2022,West,Home & Kitchen,Website,Consumer,Net Banking,4,1690.23,0.295,137.51,3.2,0,5171.94
ORD101185,2022-03-31 03:43:22,2022,South,Sports,Marketplace,Corporate,Debit Card,6,1519.29,0.182,184.37,4.8,1,8372.25
ORD101186,2022-01-13 07:32:00,2022,South,Beauty,Mobile App,Corporate,UPI,4,882.91,0.121,155.05,4.0,0,3648.41
ORD101187,2023-10-30 23:08:11,2023,East,Clothing,Marketplace,Home Office,Credit Card,6,1066.97,0.163,142.54,3.0,0,5201.32
ORD101188,2023-01-21 19:54:34,2023,West,Clothing,Mobile App,Home Office,Net Banking,2,1002.79,0.012,75.22,2.8,0,1774.5
ORD101189,2020-02-22 15:06:01,2020,North,Beauty,Marketplace,Corporate,Net Banking,4,692.55,0.052,86.78,3.3,1,2598.79
ORD101190,2023-05-21 16:31:11,2023,Central,Electronics,Marketplace,Home Office,Net Banking,5,2073.72,0.187,108.87,3.2,0,8031.24
ORD101191,2023-09-05 06:04:51,2023,Central,Home & Kitchen,Marketplace,Consumer,COD,3,2061.61,0.154,32.04,2.7,0,4888.34
ORD101192,2019-10-18 08:44:10,2019,West,Home & Kitchen,Marketplace,Consumer,Net Banking,1,1479.94,0.236,121.82,3.3,0,1281.49
ORD101193,2021-08-20 22:22:15,2021,East,Books,Mobile App,Consumer,Debit Card,1,650.56,0.198,30.61,3.4,0,611.75
ORD101194,2024-07-13 12:53:37,2024,West,Electronics,Website,Home Office,Credit Card,7,2515.97,0.18,154.3,3.7,0,14445.97
ORD101195,2023-05-01 10:26:21,2023,East,Books,Mobile App,Consumer,Credit Card,5,413.69,0.245,184.89,5.0,0,2021.18
ORD101196,2019-12-15 13:28:14,2019,South,Home & Kitchen,Mobile App,Corporate,COD,2,1376.48,0.02,153.67,3.8,0,3002.29
ORD101197,2019-04-13 11:35:17,2019,South,Beauty,Marketplace,Home Office,Debit Card,2,771.54,0.207,182.57,3.9,0,1390.99
ORD101198,2023-01-25 13:48:52,2023,North,Beauty,Mobile App,Home Office,Net Banking,1,702.78,0.215,30.0,4.3,0,602.48
ORD101199,2022-03-26 04:11:35,2022,Central,Clothing,Mobile App,Home Office,UPI,7,1354.91,0.083,43.08,3.8,0,9884.08
ORD101200,2025-09-22 10:44:35,2025,South,Books,Website,Consumer,UPI,1,424.49,0.059,183.66,4.3,0,588.04
ORD101201,2022-08-27 20:57:31,2022,South,Clothing,Marketplace,Corporate,Credit Card,6,1548.89,0.064,206.64,4.2,0,9720.4
ORD101202,2025-07-08 21:14:43,2025,Central,Electronics,Mobile App,Corporate,UPI,2,2246.48,0.059,187.89,4.1,0,4303.19
ORD101203,2020-07-01 19:38:19,2020,East,Sports,Website,Home Office,Net Banking,3,1725.56,0.157,175.86,5.0,0,4212.98
ORD101204,2022-02-17 09:28:35,2022,West,Beauty,Website,Corporate,Net Banking,2,1046.6,0.041,185.62,4.6,0,2576.09
ORD101205,2019-12-23 21:04:24,2019,South,Books,Marketplace,Corporate,Debit Card,6,565.8,0.198,192.71,3.3,0,2625.8
ORD101206,2023-01-07 17:30:46,2023,South,Home & Kitchen,Website,Consumer,Credit Card,1,2266.11,0.032,189.36,4.2,0,2638.98
ORD101207,2020-04-26 17:46:03,2020,West,Electronics,Mobile App,Consumer,Debit Card,3,2848.19,0.008,192.36,3.5,0,9375.69
ORD101208,2022-06-12 05:23:09,2022,East,Electronics,Mobile App,Corporate,UPI,2,2084.65,0.096,46.28,4.3,0,4029.11
ORD101209,2021-05-29 14:59:25,2021,North,Home & Kitchen,Website,Consumer,Debit Card,2,1474.61,0.058,43.92,3.1,0,2634.23
ORD101210,2020-04-19 17:24:11,2020,Central,Clothing,Website,Corporate,UPI,2,1234.72,0.297,109.45,3.3,0,2295.4
ORD101211,2019-09-05 10:43:18,2019,East,Books,Marketplace,Home Office,UPI,7,480.06,0.091,146.07,4.2,0,3562.12
ORD101212,2022-08-01 19:18:57,2022,West,Electronics,Mobile App,Corporate,UPI,3,2292.52,0.067,197.78,4.6,0,7358.45
ORD101213,2025-08-18 08:23:07,2025,South,Books,Website,Corporate,UPI,3,526.96,0.059,103.64,4.3,0,1737.05
ORD101214,2020-05-23 00:00:44,2020,East,Clothing,Website,Consumer,Debit Card,3,1318.52,0.112,90.53,4.6,0,3416.81
ORD101215,2021-11-01 03:57:20,2021,West,Electronics,Mobile App,Corporate,Debit Card,7,2573.46,0.182,201.92,4.2,0,16958.75
ORD101216,2020-07-28 02:16:11,2020,Central,Clothing,Marketplace,Corporate,Net Banking,3,1170.92,0.235,84.85,4.1,0,2832.49
ORD101217,2024-08-29 17:25:52,2024,South,Electronics,Marketplace,Consumer,Debit Card,3,2300.34,0.109,210.59,3.7,0,6319.45
ORD101218,2021-11-26 11:46:44,2021,West,Home & Kitchen,Website,Consumer,UPI,3,1681.81,0.188,68.97,4.5,1,4769.18
ORD101219,2025-10-26 14:38:38,2025,Central,Clothing,Marketplace,Home Office,UPI,3,1536.25,0.145,109.08,4.7,0,4018.58
ORD101220,2020-09-18 15:33:18,2020,West,Beauty,Marketplace,Home Office,Net Banking,1,991.57,0.254,118.24,4.0,1,786.02
ORD101221,2019-07-26 08:37:30,2019,North,Beauty,Website,Corporate,COD,5,679.21,0.171,95.89,3.9,0,2800.43
ORD101222,2023-01-28 22:07:05,2023,North,Electronics,Website,Home Office,Credit Card,1,2448.66,0.087,30.74,5.0,0,2289.41
ORD101223,2023-07-24 16:00:42,2023,South,Electronics,Marketplace,Consumer,Credit Card,2,1855.9,0.211,81.81,4.0,0,2827.17
ORD101224,2025-12-07 08:02:05,2025,North,Electronics,Mobile App,Consumer,Credit Card,2,2526.61,0.246,104.28,4.0,0,4151.31
ORD101225,2025-02-05 07:43:08,2025,West,Clothing,Marketplace,Home Office,Credit Card,3,1380.65,0.14,99.0,4.3,1,3186.74
ORD101226,2025-03-09 22:31:13,2025,Central,Electronics,Website,Consumer,Credit Card,6,2135.79,0.296,202.82,3.9,0,9733.79
ORD101227,2023-06-10 02:28:37,2023,East,Clothing,Website,Corporate,Debit Card,5,1471.26,0.264,40.42,3.5,1,5391.38
ORD101228,2021-07-08 16:28:58,2021,East,Beauty,Website,Consumer,Net Banking,7,1099.01,0.059,115.57,4.2,0,7382.01
ORD101229,2022-01-01 14:10:42,2022,West,Clothing,Website,Consumer,Net Banking,3,1531.8,0.236,38.25,4.0,0,3453.09
ORD101230,2019-12-08 20:26:37,2019,East,Clothing,Mobile App,Corporate,COD,7,1364.95,0.18,234.74,5.0,1,10309.7
ORD101231,2022-01-06 19:56:53,2022,East,Home & Kitchen,Website,Corporate,Credit Card,1,2065.47,0.16,203.85,4.5,0,2122.67
ORD101232,2021-07-20 12:07:09,2021,East,Beauty,Marketplace,Home Office,Debit Card,4,879.89,0.154,246.08,3.6,1,3725.33
ORD101233,2019-04-02 18:10:52,2019,South,Clothing,Mobile App,Home Office,Credit Card,6,1539.15,0.256,230.24,4.5,0,7716.35
ORD101234,2020-06-06 14:52:11,2020,North,Clothing,Marketplace,Corporate,UPI,4,1567.77,0.183,99.48,4.2,0,6284.03
ORD101235,2022-09-28 10:32:54,2022,East,Home & Kitchen,Mobile App,Corporate,Credit Card,7,1485.92,0.161,182.15,4.9,0,9839.4
ORD101236,2021-08-02 00:58:36,2021,Central,Electronics,Website,Consumer,Credit Card,3,1938.02,0.015,97.44,3.7,0,5985.27
ORD101237,2025-12-14 11:54:05,2025,North,Home & Kitchen,Mobile App,Consumer,Debit Card,1,1617.29,0.134,225.41,4.1,0,1855.88
ORD101238,2022-05-08 02:48:16,2022,South,Books,Website,Consumer,UPI,6,462.74,0.272,120.37,3.9,0,2296.66
ORD101239,2025-09-16 10:57:16,2025,South,Home & Kitchen,Marketplace,Home Office,Net Banking,1,1738.61,0.214,112.7,4.0,0,1542.08
ORD101240,2023-08-16 18:40:00,2023,Central,Electronics,Marketplace,Consumer,COD,6,1883.57,0.015,231.1,3.4,0,11064.89
ORD101241,2019-04-14 06:15:01,2019,East,Sports,Website,Corporate,COD,6,1616.32,0.265,214.08,4.4,0,7828.7
ORD101242,2020-06-04 00:08:21,2020,East,Electronics,Mobile App,Home Office,UPI,6,1772.95,0.248,242.61,4.3,0,9352.02
ORD101243,2023-12-10 00:24:40,2023,West,Clothing,Mobile App,Home Office,UPI,4,1167.99,0.164,44.63,4.8,0,4550.77
ORD101244,2022-10-25 07:41:26,2022,South,Electronics,Website,Corporate,COD,7,2455.28,0.007,83.53,4.0,0,17643.71
ORD101245,2021-02-10 07:27:50,2021,West,Books,Website,Consumer,COD,2,533.06,0.169,96.19,3.7,1,923.7
ORD101246,2022-08-27 10:45:39,2022,North,Books,Marketplace,Corporate,Debit Card,4,539.99,0.016,123.36,4.5,0,2253.0
ORD101247,2025-04-27 00:57:59,2025,North,Beauty,Website,Corporate,Credit Card,1,1069.97,0.096,134.09,3.5,0,1268.4
ORD101248,2019-04-26 07:31:08,2019,Central,Beauty,Mobile App,Consumer,Debit Card,6,1162.33,0.189,94.12,4.7,0,5535.38
ORD101249,2021-03-05 19:29:00,2021,West,Beauty,Website,Home Office,Debit Card,5,954.71,0.274,203.9,4.7,1,3909.51
ORD101250,2025-07-20 02:15:39,2025,North,Beauty,Mobile App,Home Office,COD,6,714.14,0.107,79.11,4.8,0,4239.0
ORD101251,2024-11-10 14:06:43,2024,East,Beauty,Website,Consumer,Debit Card,6,725.94,0.258,183.23,4.2,0,3266.18
ORD101252,2025-05-19 01:35:58,2025,North,Books,Mobile App,Consumer,UPI,3,705.47,0.276,217.39,3.7,0,2047.32
ORD101253,2019-10-28 08:11:19,2019,West,Sports,Mobile App,Consumer,Net Banking,1,1685.37,0.006,162.81,4.1,0,1687.97
ORD101254,2020-12-23 12:16:20,2020,West,Electronics,Mobile App,Home Office,Net Banking,7,2560.49,0.072,107.91,4.2,0,19721.94
ORD101255,2019-06-02 21:51:50,2019,South,Home & Kitchen,Mobile App,Consumer,Credit Card,4,2019.01,0.213,71.34,3.6,0,6854.78
ORD101256,2019-01-13 02:30:12,2019,South,Books,Website,Home Office,UPI,1,466.83,0.227,59.56,4.9,0,350.68
ORD101257,2024-11-03 12:18:25,2024,South,Home & Kitchen,Mobile App,Home Office,UPI,7,1793.88,0.118,193.72,4.4,0,13212.42
ORD101258,2025-07-22 20:05:09,2025,South,Clothing,Marketplace,Corporate,COD,7,1545.63,0.197,133.21,3.4,0,10267.85
ORD101259,2020-02-03 02:47:54,2020,South,Books,Mobile App,Corporate,Debit Card,4,674.57,0.184,40.19,5.0,0,2431.95
ORD101260,2024-01-20 20:44:07,2024,South,Beauty,Website,Home Office,Debit Card,6,792.48,0.222,246.44,4.1,0,3641.22
ORD101261,2022-09-29 04:47:32,2022,East,Beauty,Marketplace,Home Office,COD,1,970.0,0.216,177.69,3.3,0,820.4
ORD101262,2019-06-26 22:34:13,2019,Central,Home & Kitchen,Marketplace,Consumer,UPI,1,1505.53,0.026,215.72,3.5,0,2007.15
ORD101263,2025-05-29 15:27:09,2025,West,Electronics,Marketplace,Consumer,Credit Card,2,2809.52,0.047,126.4,5.0,0,5076.43
ORD101264,2025-02-04 21:15:50,2025,South,Home & Kitchen,Marketplace,Corporate,COD,5,1599.68,0.04,240.2,5.0,0,7687.65
ORD101265,2022-12-21 09:32:13,2022,Central,Home & Kitchen,Marketplace,Consumer,Debit Card,1,2069.37,0.28,73.9,4.7,0,1597.36
ORD101266,2023-12-15 08:42:32,2023,South,Books,Marketplace,Consumer,UPI,1,482.41,0.274,70.73,4.9,1,365.8
ORD101267,2021-10-12 07:52:46,2021,Central,Clothing,Mobile App,Home Office,Net Banking,5,1415.48,0.239,225.87,4.8,0,5377.96
ORD101268,2024-07-19 11:54:55,2024,South,Electronics,Website,Corporate,UPI,6,2447.71,0.035,226.18,4.4,0,16788.06
ORD101269,2022-02-11 11:03:53,2022,East,Home & Kitchen,Mobile App,Corporate,Net Banking,6,1675.14,0.172,139.78,4.2,0,9857.37
ORD101270,2025-12-03 07:59:16,2025,South,Books,Website,Consumer,Net Banking,6,660.2,0.056,57.67,4.4,0,3679.67
ORD101271,2019-06-11 07:51:34,2019,West,Home & Kitchen,Marketplace,Consumer,COD,6,2226.52,0.111,97.15,4.5,0,11990.93
ORD101272,2020-03-16 00:20:26,2020,South,Home & Kitchen,Mobile App,Consumer,Debit Card,5,2196.52,0.08,195.91,3.5,0,10332.72
ORD101273,2025-10-12 03:08:32,2025,Central,Sports,Marketplace,Corporate,Credit Card,4,1397.91,0.249,216.12,4.5,0,4745.02
ORD101274,2021-01-08 03:01:24,2021,North,Beauty,Mobile App,Consumer,COD,6,1043.45,0.043,106.48,4.9,0,5955.38
ORD101275,2021-03-05 00:46:13,2021,East,Clothing,Mobile App,Corporate,Debit Card,3,1375.04,0.194,43.47,3.9,0,3607.67
ORD101276,2024-07-15 12:00:30,2024,North,Books,Marketplace,Consumer,Net Banking,1,591.77,0.295,176.46,3.8,0,564.66
ORD101277,2020-04-29 00:18:50,2020,Central,Beauty,Mobile App,Corporate,UPI,6,911.33,0.206,192.69,4.3,0,4797.13
ORD101278,2022-08-05 14:30:21,2022,East,Electronics,Mobile App,Corporate,Net Banking,2,2376.32,0.024,123.28,3.6,0,5795.18
ORD101279,2021-01-01 03:17:08,2021,West,Home & Kitchen,Mobile App,Consumer,Debit Card,7,1484.3,0.272,158.28,3.1,0,8525.95
ORD101280,2020-05-20 22:11:42,2020,Central,Books,Marketplace,Corporate,Credit Card,3,536.18,0.193,247.22,4.7,0,1544.45
ORD101281,2025-09-30 22:30:33,2025,East,Home & Kitchen,Marketplace,Consumer,Net Banking,6,1525.9,0.137,83.9,3.7,0,7222.01
ORD101282,2020-05-25 22:29:13,2020,North,Beauty,Website,Consumer,UPI,1,813.65,0.198,156.06,4.0,0,798.43
ORD101283,2019-08-29 23:53:01,2019,South,Beauty,Mobile App,Home Office,Net Banking,5,738.27,0.264,164.41,3.6,0,3513.15
ORD101284,2023-09-19 14:02:03,2023,South,Sports,Mobile App,Home Office,COD,4,1300.31,0.143,150.8,4.8,0,4398.56
ORD101285,2025-01-25 19:50:15,2025,Central,Books,Mobile App,Corporate,Debit Card,4,649.03,0.159,221.21,4.6,0,2665.96
ORD101286,2019-11-22 21:06:06,2019,Central,Electronics,Website,Home Office,UPI,2,2315.3,0.136,163.1,3.8,0,4193.5
ORD101287,2023-12-15 05:58:33,2023,East,Beauty,Marketplace,Corporate,Debit Card,7,686.7,0.022,141.74,3.2,0,5184.88
ORD101288,2022-10-14 06:16:38,2022,Central,Beauty,Marketplace,Consumer,Debit Card,3,1065.32,0.236,57.06,3.8,0,2407.18
ORD101289,2024-10-22 12:41:47,2024,South,Electronics,Website,Home Office,Debit Card,6,2750.46,0.038,184.71,4.4,0,17544.42
ORD101290,2019-11-21 11:54:03,2019,West,Sports,Website,Corporate,Credit Card,3,1851.35,0.118,59.06,4.1,0,5549.03
ORD101291,2025-10-30 09:27:31,2025,South,Electronics,Mobile App,Corporate,Net Banking,1,2645.85,0.116,35.85,4.1,0,2847.83
ORD101292,2023-05-02 10:43:37,2023,South,Home & Kitchen,Website,Corporate,Credit Card,7,2332.29,0.084,137.48,4.1,0,17068.05
ORD101293,2024-11-22 13:08:06,2024,South,Clothing,Marketplace,Consumer,Debit Card,2,1394.28,0.121,155.94,4.5,0,2793.53
ORD101294,2021-07-14 04:12:32,2021,East,Electronics,Marketplace,Home Office,Debit Card,2,2814.73,0.185,249.79,4.0,0,5451.01
ORD101295,2025-08-08 06:50:49,2025,South,Sports,Marketplace,Corporate,Net Banking,7,1907.8,0.093,186.71,4.3,0,14697.7
ORD101296,2023-05-20 23:35:52,2023,South,Clothing,Mobile App,Corporate,Net Banking,7,1198.97,0.052,216.69,3.4,0,10887.27
ORD101297,2019-11-21 10:42:58,2019,South,Clothing,Marketplace,Consumer,COD,7,1592.36,0.261,106.21,5.0,0,9156.01
ORD101298,2025-06-16 22:28:15,2025,North,Books,Website,Home Office,Net Banking,3,652.22,0.291,141.96,3.8,0,1447.34
ORD101299,2024-07-27 00:51:13,2024,Central,Books,Website,Consumer,Net Banking,6,647.18,0.138,244.34,4.1,0,3835.0
ORD101300,2021-02-06 07:33:00,2021,South,Electronics,Website,Consumer,COD,3,2734.5,0.098,121.83,4.4,0,7948.86
ORD101301,2022-10-26 17:55:47,2022,North,Clothing,Marketplace,Home Office,Credit Card,6,1249.7,0.014,207.6,3.7,0,8768.47
ORD101302,2021-09-18 21:09:56,2021,East,Sports,Mobile App,Consumer,Credit Card,4,1455.05,0.011,145.72,4.0,0,5663.04
ORD101303,2022-10-21 04:11:37,2022,Central,Sports,Website,Corporate,Debit Card,1,1653.04,0.118,79.27,4.0,0,1734.34
ORD101304,2025-10-03 11:55:07,2025,South,Books,Website,Home Office,Debit Card,3,635.69,0.279,157.69,3.4,0,1449.17
ORD101305,2025-04-16 15:26:42,2025,Central,Beauty,Mobile App,Home Office,Net Banking,4,1110.47,0.219,77.97,4.3,0,3840.23
ORD101306,2020-07-04 22:05:29,2020,West,Electronics,Website,Corporate,UPI,2,2709.77,0.105,30.67,2.9,1,5181.09
ORD101307,2025-10-19 22:20:00,2025,West,Books,Mobile App,Home Office,UPI,3,630.71,0.29,81.9,5.0,0,1539.17
ORD101308,2022-01-24 09:19:23,2022,South,Electronics,Mobile App,Home Office,Net Banking,4,2807.84,0.129,72.49,4.5,0,9092.82
ORD101309,2023-12-07 13:36:07,2023,North,Electronics,Website,Home Office,COD,1,1866.14,0.083,111.6,4.4,0,1938.53
ORD101310,2024-05-07 08:30:06,2024,South,Sports,Website,Consumer,Credit Card,2,1909.03,0.128,225.49,2.9,0,3613.44
ORD101311,2022-05-19 09:22:21,2022,Central,Beauty,Mobile App,Home Office,Credit Card,6,706.77,0.063,115.33,3.5,0,4304.14
ORD101312,2022-03-13 05:10:52,2022,West,Electronics,Mobile App,Consumer,Debit Card,3,2322.3,0.266,215.94,4.9,0,6407.62
ORD101313,2022-03-12 13:38:17,2022,West,Clothing,Website,Home Office,Debit Card,5,1039.49,0.108,152.23,5.0,0,4641.85
ORD101314,2025-01-13 16:13:23,2025,Central,Beauty,Mobile App,Consumer,UPI,4,956.16,0.197,31.68,4.8,0,3315.34
ORD101315,2021-09-14 11:43:49,2021,South,Clothing,Mobile App,Consumer,Debit Card,4,1253.93,0.117,71.52,4.7,0,4717.96
ORD101316,2020-12-16 11:36:28,2020,South,Sports,Website,Consumer,COD,3,1192.33,0.271,234.88,4.3,0,2887.54
ORD101317,2021-07-13 05:55:51,2021,Central,Home & Kitchen,Mobile App,Corporate,Net Banking,4,1991.64,0.193,162.92,3.4,1,8720.07
ORD101318,2020-05-13 02:53:15,2020,East,Beauty,Website,Consumer,COD,6,1036.94,0.146,234.5,4.6,0,5576.12
ORD101319,2021-09-27 16:35:44,2021,South,Home & Kitchen,Website,Consumer,Net Banking,7,1522.44,0.04,98.23,3.3,0,9860.29
ORD101320,2019-10-19 14:01:39,2019,South,Home & Kitchen,Website,Corporate,COD,2,2037.49,0.271,187.64,3.2,0,3921.5
ORD101321,2019-08-18 09:49:20,2019,Central,Home & Kitchen,Website,Home Office,Credit Card,5,1527.26,0.164,199.85,3.2,0,6421.72
ORD101322,2024-01-25 03:52:06,2024,North,Sports,Website,Corporate,UPI,7,1238.35,0.086,244.65,4.6,0,7688.29
ORD101323,2019-07-17 22:14:21,2019,North,Beauty,Marketplace,Corporate,UPI,1,747.94,0.263,34.0,4.0,0,594.59
ORD101324,2022-12-23 07:58:34,2022,West,Beauty,Website,Corporate,COD,6,971.54,0.016,239.49,4.1,0,5809.94
ORD101325,2024-06-16 08:20:08,2024,North,Beauty,Marketplace,Corporate,Net Banking,4,1060.5,0.094,116.15,4.0,0,3660.4
ORD101326,2024-01-26 18:35:47,2024,North,Clothing,Marketplace,Corporate,Credit Card,7,1401.78,0.161,214.36,3.3,0,8857.83
ORD101327,2022-02-14 03:53:43,2022,Central,Books,Marketplace,Corporate,COD,5,657.33,0.102,149.84,3.6,0,3330.53
ORD101328,2020-05-09 22:10:02,2020,East,Beauty,Marketplace,Consumer,Credit Card,6,967.78,0.143,154.22,3.6,0,5615.1
ORD101329,2025-07-06 19:54:33,2025,West,Sports,Website,Consumer,Debit Card,2,1782.79,0.079,109.06,3.1,0,3563.81
ORD101330,2024-11-04 16:06:33,2024,East,Books,Mobile App,Home Office,Credit Card,1,707.9,0.039,212.26,3.7,0,971.61
ORD101331,2023-04-14 20:05:07,2023,North,Books,Marketplace,Corporate,UPI,7,530.77,0.011,88.08,3.3,0,3773.21
ORD101332,2019-08-10 18:18:07,2019,North,Sports,Mobile App,Consumer,Credit Card,4,1248.7,0.047,138.29,4.4,1,5454.93
ORD101333,2019-03-31 21:50:07,2019,West,Sports,Website,Consumer,Credit Card,4,1236.7,0.286,153.24,4.4,0,4095.42
ORD101334,2021-03-16 16:51:28,2021,North,Home & Kitchen,Mobile App,Home Office,Debit Card,2,1941.5,0.173,193.35,3.2,0,3652.55
ORD101335,2020-02-07 15:06:42,2020,East,Sports,Marketplace,Consumer,UPI,2,1576.36,0.147,133.76,3.8,0,2918.45
ORD101336,2025-01-08 01:44:06,2025,South,Clothing,Marketplace,Consumer,Credit Card,6,1106.73,0.115,179.66,5.0,0,5443.63
ORD101337,2020-06-10 01:48:33,2020,South,Sports,Mobile App,Home Office,Debit Card,3,1852.74,0.213,136.76,3.4,0,5087.27
ORD101338,2020-12-23 10:56:07,2020,Central,Electronics,Website,Corporate,Credit Card,5,2807.67,0.042,175.05,4.3,0,16809.87
ORD101339,2025-10-29 23:33:02,2025,West,Books,Website,Corporate,Net Banking,3,489.1,0.083,178.31,4.1,0,1688.24
ORD101340,2024-09-22 11:20:20,2024,West,Clothing,Website,Home Office,Net Banking,2,1122.92,0.197,186.08,4.7,0,1894.89
ORD101341,2020-07-13 00:11:31,2020,South,Beauty,Mobile App,Consumer,COD,2,780.89,0.144,211.13,4.2,0,1589.07
ORD101342,2021-09-07 08:04:04,2021,South,Electronics,Website,Corporate,COD,7,2118.78,0.231,148.96,3.7,0,12059.0
ORD101343,2022-08-11 06:30:58,2022,West,Electronics,Mobile App,Home Office,Credit Card,7,2682.4,0.269,72.52,4.0,0,13936.52
ORD101344,2023-08-25 20:59:50,2023,North,Books,Website,Corporate,Net Banking,1,592.78,0.247,179.52,4.1,0,710.99
ORD101345,2025-07-20 20:50:15,2025,South,Books,Website,Consumer,Net Banking,3,432.93,0.055,46.97,3.9,0,1302.83
ORD101346,2025-02-04 14:20:26,2025,West,Clothing,Website,Home Office,Debit Card,4,1313.18,0.027,78.17,3.1,0,5605.83
ORD101347,2025-11-02 16:54:38,2025,West,Electronics,Website,Home Office,Net Banking,3,1759.3,0.051,204.27,4.8,0,5367.69
ORD101348,2019-04-14 21:21:01,2019,North,Sports,Marketplace,Consumer,UPI,6,1460.13,0.235,125.72,4.7,0,6355.72
ORD101349,2020-08-27 03:17:40,2020,West,Books,Marketplace,Consumer,Credit Card,2,534.56,0.274,139.57,3.3,0,879.08
ORD101350,2022-12-10 00:44:49,2022,East,Clothing,Marketplace,Home Office,COD,1,1438.57,0.278,247.23,3.8,0,1227.98
ORD101351,2019-05-06 13:04:21,2019,South,Beauty,Mobile App,Consumer,COD,3,946.98,0.089,81.74,3.9,0,2735.21
ORD101352,2020-01-28 14:33:02,2020,West,Clothing,Website,Home Office,UPI,5,1600.45,0.252,34.3,3.2,0,6884.32
ORD101353,2025-07-12 13:02:24,2025,Central,Sports,Marketplace,Consumer,Debit Card,2,1138.43,0.161,54.5,2.8,0,2272.06
ORD101354,2019-06-11 20:49:19,2019,East,Home & Kitchen,Mobile App,Home Office,Credit Card,6,2116.26,0.247,83.79,3.6,0,10702.2
ORD101355,2020-01-15 07:42:51,2020,South,Electronics,Marketplace,Home Office,UPI,1,1677.42,0.165,189.7,3.8,0,1605.46
ORD101356,2020-05-13 17:42:05,2020,South,Clothing,Mobile App,Corporate,UPI,1,1192.57,0.044,200.68,3.1,0,1341.91
ORD101357,2020-01-15 19:21:10,2020,East,Beauty,Mobile App,Consumer,Debit Card,4,1110.43,0.024,154.41,4.1,0,4751.3
ORD101358,2022-12-24 06:20:26,2022,North,Sports,Mobile App,Corporate,Net Banking,4,1694.59,0.287,86.11,4.8,0,5175.93
ORD101359,2021-07-20 06:32:17,2021,East,Electronics,Website,Home Office,Debit Card,3,1858.12,0.128,144.78,4.5,0,5658.56
ORD101360,2025-05-21 05:15:32,2025,North,Books,Mobile App,Home Office,Credit Card,2,560.96,0.105,33.29,3.9,0,940.28
ORD101361,2020-10-28 15:37:21,2020,North,Beauty,Marketplace,Consumer,Net Banking,1,1032.34,0.107,180.0,2.8,0,1135.77
ORD101362,2022-10-05 03:09:18,2022,East,Books,Website,Corporate,Net Banking,5,696.05,0.114,165.15,4.5,0,3263.14
ORD101363,2023-08-15 04:32:30,2023,West,Books,Website,Home Office,COD,3,604.38,0.283,34.8,4.1,0,1333.81
ORD101364,2023-05-20 00:42:12,2023,Central,Electronics,Marketplace,Consumer,Credit Card,1,1679.86,0.019,209.74,4.3,0,1956.67
ORD101365,2024-07-28 13:18:21,2024,North,Electronics,Mobile App,Home Office,Credit Card,3,2254.64,0.036,197.95,5.0,1,7558.35
ORD101366,2020-05-30 23:20:40,2020,South,Sports,Marketplace,Consumer,Debit Card,7,1251.19,0.237,97.81,3.5,0,6747.51
ORD101367,2022-07-21 01:23:21,2022,East,Clothing,Mobile App,Home Office,Debit Card,2,1009.16,0.165,169.78,2.1,0,2046.78
ORD101368,2024-08-08 07:00:05,2024,East,Electronics,Mobile App,Consumer,Debit Card,7,2374.2,0.039,162.33,3.3,0,15889.66
ORD101369,2025-01-14 20:52:18,2025,Central,Home & Kitchen,Marketplace,Consumer,COD,2,2119.15,0.01,61.5,4.3,1,4341.05
ORD101370,2023-04-29 01:38:34,2023,West,Books,Mobile App,Corporate,UPI,2,423.41,0.067,72.52,4.0,0,1046.55
ORD101371,2023-07-25 05:37:17,2023,East,Sports,Website,Corporate,Debit Card,2,1771.46,0.078,180.31,3.2,0,3821.53
ORD101372,2025-01-17 17:36:34,2025,North,Beauty,Mobile App,Consumer,Debit Card,3,1024.66,0.004,235.38,3.1,1,3283.75
ORD101373,2023-05-17 04:06:18,2023,North,Clothing,Website,Corporate,Credit Card,1,1512.67,0.065,156.78,3.8,1,1658.94
ORD101374,2025-08-22 05:49:53,2025,North,Home & Kitchen,Mobile App,Consumer,Net Banking,5,1592.28,0.221,154.92,3.2,0,7148.3
ORD101375,2019-11-23 03:06:48,2019,West,Sports,Marketplace,Home Office,COD,3,1449.72,0.257,172.27,4.3,0,3106.38
ORD101376,2021-06-08 05:37:30,2021,South,Electronics,Website,Consumer,Debit Card,6,1794.9,0.269,126.93,3.7,0,7395.04
ORD101377,2019-10-14 17:41:55,2019,South,Beauty,Marketplace,Corporate,UPI,4,793.25,0.117,41.92,3.6,0,3218.98
ORD101378,2019-08-20 12:28:54,2019,West,Electronics,Mobile App,Home Office,UPI,4,2016.38,0.096,117.23,3.5,0,7434.1
ORD101379,2022-04-21 06:45:32,2022,Central,Clothing,Website,Consumer,Debit Card,4,1203.4,0.3,228.06,4.2,0,3179.37
ORD101380,2020-07-31 11:23:09,2020,East,Clothing,Website,Consumer,Net Banking,2,1100.15,0.231,207.09,4.0,0,2104.35
ORD101381,2021-11-06 16:39:10,2021,Central,Sports,Marketplace,Home Office,Credit Card,5,1280.69,0.161,234.03,4.1,0,5113.32
ORD101382,2022-01-24 02:57:10,2022,West,Books,Marketplace,Consumer,Credit Card,1,685.19,0.076,63.62,4.1,0,685.63
ORD101383,2023-05-07 01:56:04,2023,West,Electronics,Marketplace,Home Office,COD,6,2598.51,0.096,141.31,4.0,0,13530.09
ORD101384,2025-08-14 04:37:52,2025,Central,Sports,Mobile App,Corporate,UPI,7,1409.19,0.155,158.64,3.3,0,9313.28
ORD101385,2021-08-24 23:02:15,2021,North,Beauty,Mobile App,Home Office,UPI,6,1144.08,0.163,76.18,3.5,0,5626.16
ORD101386,2021-04-12 04:40:37,2021,West,Books,Mobile App,Consumer,UPI,4,484.77,0.004,74.21,3.7,0,2204.96
ORD101387,2024-05-24 02:18:43,2024,Central,Books,Mobile App,Consumer,COD,3,535.56,0.288,202.05,5.0,0,1412.26
ORD101388,2019-11-13 01:19:32,2019,Central,Electronics,Website,Home Office,Debit Card,7,2634.37,0.173,177.81,3.1,0,16642.23
ORD101389,2022-10-13 11:00:07,2022,East,Sports,Website,Home Office,UPI,2,1490.38,0.177,172.38,3.7,1,2497.6
ORD101390,2021-12-17 05:31:13,2021,West,Beauty,Marketplace,Home Office,Credit Card,4,791.14,0.063,88.74,4.1,0,3575.06
ORD101391,2020-04-12 06:13:16,2020,Central,Electronics,Mobile App,Consumer,COD,6,2095.93,0.229,141.49,3.8,0,8671.86
ORD101392,2023-04-25 15:26:09,2023,Central,Clothing,Website,Corporate,Net Banking,7,1333.02,0.221,35.08,4.7,0,6888.0
ORD101393,2021-03-30 19:06:49,2021,Central,Books,Marketplace,Corporate,Credit Card,7,600.24,0.029,58.59,3.8,0,5096.37
ORD101394,2020-04-19 09:22:08,2020,Central,Beauty,Website,Corporate,Credit Card,1,875.78,0.178,144.02,3.8,0,968.4
ORD101395,2023-07-28 13:24:10,2023,South,Home & Kitchen,Mobile App,Consumer,UPI,7,1776.99,0.197,98.13,4.5,0,10776.55
ORD101396,2020-03-21 06:00:39,2020,West,Clothing,Website,Corporate,Net Banking,1,1163.72,0.251,242.45,5.0,0,1244.71
ORD101397,2023-09-16 19:31:07,2023,East,Books,Mobile App,Corporate,UPI,5,574.44,0.062,133.73,4.9,0,3321.4
ORD101398,2020-02-19 07:29:20,2020,Central,Clothing,Mobile App,Consumer,Credit Card,7,1131.91,0.263,48.38,3.9,0,6270.28
ORD101399,2022-01-16 05:54:06,2022,Central,Electronics,Marketplace,Corporate,Credit Card,5,2699.71,0.138,33.93,4.0,0,11629.35
ORD101400,2024-08-27 05:31:10,2024,Central,Beauty,Marketplace,Consumer,Net Banking,7,1044.95,0.029,189.56,4.0,0,7769.36
ORD101401,2024-05-16 01:21:44,2024,East,Books,Marketplace,Consumer,Net Banking,3,536.61,0.032,67.73,4.1,0,1711.99
ORD101402,2024-01-20 04:38:58,2024,East,Clothing,Website,Consumer,Net Banking,3,1509.27,0.059,71.32,3.4,0,4827.02
ORD101403,2025-04-26 04:35:45,2025,North,Clothing,Website,Corporate,Credit Card,3,980.0,0.085,123.24,4.6,0,3467.25
ORD101404,2020-03-07 15:20:52,2020,West,Home & Kitchen,Marketplace,Consumer,Credit Card,3,1691.04,0.149,88.09,4.1,0,4521.8
ORD101405,2024-01-02 20:06:11,2024,East,Clothing,Marketplace,Corporate,Credit Card,5,1289.82,0.225,165.65,4.0,0,5029.11
ORD101406,2025-07-22 03:03:56,2025,East,Beauty,Website,Corporate,UPI,4,907.55,0.056,136.85,3.2,0,4394.64
ORD101407,2024-05-04 06:37:10,2024,West,Clothing,Website,Home Office,Net Banking,6,1510.34,0.298,54.52,4.0,0,5893.48
ORD101408,2020-04-25 06:45:25,2020,Central,Electronics,Mobile App,Consumer,Debit Card,3,2815.0,0.048,202.64,2.8,0,8803.73
ORD101409,2024-10-02 10:39:39,2024,North,Clothing,Website,Corporate,Debit Card,3,1246.7,0.18,123.69,3.6,0,3375.04
ORD101410,2019-10-02 06:58:10,2019,East,Books,Website,Consumer,COD,2,518.56,0.279,164.38,3.6,0,880.72
ORD101411,2023-02-14 02:03:47,2023,West,Books,Marketplace,Corporate,UPI,4,597.18,0.25,30.87,4.2,0,2088.55
ORD101412,2022-06-25 23:42:02,2022,Central,Beauty,Mobile App,Corporate,COD,7,814.22,0.194,167.81,5.0,0,5452.87
ORD101413,2022-09-19 10:32:13,2022,West,Home & Kitchen,Website,Home Office,Net Banking,7,1489.94,0.215,92.23,4.4,0,8619.38
ORD101414,2022-08-20 23:15:01,2022,West,Sports,Mobile App,Corporate,Credit Card,2,1918.27,0.04,138.76,4.9,0,4012.57
ORD101415,2019-03-22 10:54:23,2019,Central,Clothing,Mobile App,Home Office,Net Banking,4,1553.81,0.003,95.5,4.4,0,6452.66
ORD101416,2022-07-22 22:35:10,2022,Central,Beauty,Mobile App,Consumer,Net Banking,5,1149.46,0.13,249.18,4.7,0,5123.2
ORD101417,2025-07-22 07:38:54,2025,West,Sports,Marketplace,Consumer,Credit Card,5,1304.71,0.027,80.79,5.0,0,6325.84
ORD101418,2022-01-21 02:55:49,2022,South,Sports,Website,Consumer,Credit Card,1,1139.69,0.107,230.83,3.5,0,1236.71
ORD101419,2020-12-08 18:57:13,2020,East,Clothing,Mobile App,Corporate,COD,5,1287.64,0.067,231.95,3.5,0,8041.33
ORD101420,2025-12-17 17:55:29,2025,West,Sports,Marketplace,Consumer,UPI,1,1895.23,0.275,122.62,4.4,0,1465.6
ORD101421,2019-09-11 00:35:30,2019,North,Beauty,Mobile App,Consumer,UPI,1,743.47,0.264,96.88,4.0,0,555.93
ORD101422,2022-05-27 22:23:52,2022,West,Books,Marketplace,Consumer,Net Banking,5,447.95,0.246,113.83,4.1,1,2003.78
ORD101423,2022-08-03 04:48:03,2022,East,Clothing,Mobile App,Home Office,COD,1,1024.3,0.214,247.65,3.8,0,1134.22
ORD101424,2022-05-06 15:09:18,2022,Central,Beauty,Mobile App,Home Office,Debit Card,3,1053.68,0.046,166.14,3.6,0,3274.37
ORD101425,2025-06-13 22:21:27,2025,South,Sports,Marketplace,Consumer,UPI,5,1773.39,0.015,149.85,5.0,0,8573.06
ORD101426,2021-12-14 00:49:02,2021,Central,Clothing,Mobile App,Home Office,Debit Card,5,1472.19,0.196,37.9,3.3,0,5725.12
ORD101427,2025-10-23 18:12:59,2025,East,Sports,Marketplace,Consumer,Credit Card,4,1168.97,0.193,216.53,4.4,0,4608.56
ORD101428,2019-06-20 19:21:32,2019,East,Electronics,Marketplace,Corporate,COD,1,2525.18,0.111,48.44,4.3,0,2487.06
ORD101429,2024-02-19 22:35:16,2024,West,Sports,Marketplace,Consumer,Net Banking,6,1495.12,0.142,40.33,3.0,0,6661.58
ORD101430,2023-02-24 14:19:53,2023,East,Beauty,Website,Corporate,Credit Card,7,753.16,0.147,90.47,3.5,0,5084.48
ORD101431,2020-09-06 20:02:52,2020,Central,Clothing,Mobile App,Home Office,Net Banking,7,1186.02,0.072,134.67,3.6,0,8939.26
ORD101432,2020-08-05 16:27:18,2020,North,Electronics,Marketplace,Home Office,Net Banking,6,2256.39,0.094,226.96,4.4,1,12649.03
ORD101433,2024-01-14 12:04:00,2024,West,Sports,Mobile App,Corporate,Net Banking,3,1396.96,0.126,203.82,3.8,0,4029.77
ORD101434,2023-06-18 17:29:06,2023,Central,Clothing,Website,Corporate,Credit Card,7,1668.37,0.181,73.48,3.9,0,9584.0
ORD101435,2023-04-12 03:36:31,2023,South,Home & Kitchen,Website,Home Office,Debit Card,4,1819.99,0.287,111.86,3.1,0,4913.36
ORD101436,2019-05-10 22:19:40,2019,South,Electronics,Marketplace,Consumer,UPI,1,2100.3,0.162,201.65,5.0,0,2200.51
ORD101437,2023-03-09 04:32:14,2023,East,Books,Website,Corporate,Debit Card,6,616.13,0.219,145.96,4.0,0,3257.03
ORD101438,2025-11-13 10:12:37,2025,West,Beauty,Website,Consumer,Credit Card,3,997.02,0.242,68.39,4.3,0,2021.94
ORD101439,2019-02-14 06:40:23,2019,Central,Books,Marketplace,Home Office,Debit Card,7,413.24,0.034,117.13,3.6,0,3000.92
ORD101440,2022-04-13 18:38:51,2022,West,Electronics,Website,Corporate,COD,3,2398.35,0.196,167.71,3.6,0,6501.27
ORD101441,2022-06-17 15:05:56,2022,West,Clothing,Marketplace,Corporate,COD,7,1149.29,0.145,244.11,5.0,0,7416.2
ORD101442,2025-04-11 02:33:41,2025,East,Beauty,Mobile App,Corporate,Debit Card,4,860.74,0.172,175.6,2.8,0,3121.73
ORD101443,2020-12-23 22:54:00,2020,West,Beauty,Marketplace,Consumer,Net Banking,4,1024.64,0.012,33.56,4.2,0,3735.44
ORD101444,2022-04-30 12:49:28,2022,South,Sports,Mobile App,Consumer,UPI,3,1584.84,0.272,185.1,3.2,0,4121.92
ORD101445,2024-01-08 03:25:33,2024,East,Books,Marketplace,Home Office,Debit Card,6,524.02,0.286,85.19,3.7,0,2376.22
ORD101446,2019-06-04 04:56:01,2019,North,Sports,Marketplace,Consumer,Net Banking,1,1263.11,0.001,219.67,3.6,0,1538.26
ORD101447,2024-08-09 14:01:18,2024,North,Electronics,Website,Consumer,Net Banking,4,2261.63,0.064,114.46,3.4,0,8750.05
ORD101448,2024-10-02 13:52:03,2024,Central,Clothing,Marketplace,Consumer,COD,3,1203.35,0.054,73.92,4.0,0,3580.48
ORD101449,2024-01-14 10:01:30,2024,Central,Books,Marketplace,Home Office,Debit Card,4,688.66,0.234,132.95,2.3,0,2158.96
ORD101450,2023-07-15 18:10:57,2023,East,Beauty,Website,Consumer,COD,2,939.5,0.179,86.14,3.8,0,1601.98
ORD101451,2024-03-25 21:27:00,2024,North,Books,Website,Home Office,COD,5,674.45,0.053,81.88,3.9,0,3580.67
ORD101452,2024-06-21 04:06:15,2024,North,Beauty,Website,Corporate,Debit Card,3,868.14,0.244,156.12,3.1,0,2554.79
ORD101453,2025-04-28 01:51:45,2025,North,Electronics,Website,Home Office,UPI,2,2651.2,0.106,198.82,5.0,0,4456.27
ORD101454,2021-12-30 09:39:07,2021,West,Home & Kitchen,Mobile App,Corporate,Credit Card,2,1405.97,0.138,213.69,3.6,0,2913.18
ORD101455,2022-03-11 16:19:06,2022,South,Sports,Marketplace,Consumer,Net Banking,5,1370.95,0.116,117.49,3.8,0,6591.82
ORD101456,2023-06-19 13:35:29,2023,South,Beauty,Mobile App,Corporate,Debit Card,2,713.7,0.156,44.7,3.6,0,1614.64
ORD101457,2020-05-08 12:52:12,2020,Central,Electronics,Website,Corporate,COD,3,1688.3,0.144,136.47,3.9,0,5518.3
ORD101458,2024-12-28 12:30:43,2024,Central,Clothing,Mobile App,Consumer,COD,5,1631.99,0.082,125.43,4.9,0,7416.65
ORD101459,2024-05-23 10:22:12,2024,West,Books,Website,Corporate,UPI,3,629.35,0.127,73.34,5.0,0,2049.0
ORD101460,2023-06-02 00:04:42,2023,South,Books,Marketplace,Consumer,COD,3,601.6,0.273,227.15,4.5,0,1546.45
ORD101461,2021-02-10 00:30:14,2021,East,Sports,Website,Home Office,Credit Card,2,1564.31,0.151,244.31,4.7,0,3142.85
ORD101462,2021-06-07 15:41:29,2021,South,Electronics,Marketplace,Home Office,COD,3,2339.16,0.275,41.38,5.0,0,5452.51
ORD101463,2022-01-16 19:04:47,2022,Central,Beauty,Mobile App,Consumer,Debit Card,5,991.15,0.165,205.06,4.2,0,4060.12
ORD101464,2023-08-21 10:12:55,2023,North,Sports,Website,Corporate,Debit Card,4,1806.93,0.231,172.06,5.0,0,6460.87
ORD101465,2024-06-11 15:46:13,2024,West,Beauty,Marketplace,Corporate,UPI,7,970.46,0.088,87.52,4.5,0,7331.5
ORD101466,2025-07-04 21:47:48,2025,East,Beauty,Mobile App,Consumer,UPI,6,1045.55,0.237,169.73,4.1,0,5146.19
ORD101467,2025-09-21 06:14:47,2025,West,Home & Kitchen,Marketplace,Corporate,Debit Card,1,1628.17,0.079,58.3,4.2,0,1649.32
ORD101468,2023-12-07 17:44:06,2023,East,Clothing,Mobile App,Consumer,Debit Card,3,1673.38,0.006,45.27,2.8,0,4578.29
ORD101469,2021-08-06 01:14:43,2021,North,Clothing,Marketplace,Consumer,Debit Card,3,997.81,0.048,248.57,4.2,0,3267.75
ORD101470,2023-03-12 05:16:56,2023,West,Sports,Mobile App,Home Office,UPI,5,1443.93,0.006,170.0,3.0,0,7767.75
ORD101471,2021-12-22 12:12:57,2021,West,Electronics,Website,Corporate,Debit Card,2,2717.28,0.284,85.71,2.9,0,3978.14
ORD101472,2023-05-27 23:18:22,2023,East,Electronics,Website,Home Office,UPI,7,1868.43,0.3,129.01,4.1,0,9042.31
ORD101473,2024-09-06 18:52:15,2024,South,Home & Kitchen,Mobile App,Corporate,UPI,3,1489.92,0.229,239.02,3.3,0,4190.4
ORD101474,2021-08-02 00:19:45,2021,South,Sports,Mobile App,Home Office,Debit Card,4,1426.48,0.032,126.52,4.0,0,5613.25
ORD101475,2022-07-16 17:29:00,2022,East,Beauty,Marketplace,Home Office,Net Banking,1,886.96,0.27,228.1,4.1,0,875.76
ORD101476,2024-02-26 16:20:23,2024,South,Beauty,Mobile App,Corporate,Net Banking,7,1137.03,0.223,221.14,4.1,0,6187.39
ORD101477,2022-06-06 01:32:08,2022,South,Beauty,Marketplace,Corporate,COD,7,1088.88,0.1,105.71,3.4,0,8335.03
ORD101478,2022-03-21 00:25:02,2022,South,Electronics,Website,Corporate,COD,6,2211.55,0.151,183.12,4.6,0,12380.39
ORD101479,2022-09-22 21:25:55,2022,North,Clothing,Mobile App,Home Office,Credit Card,3,1670.68,0.199,175.31,3.9,0,3974.31
ORD101480,2020-07-04 19:20:02,2020,Central,Electronics,Marketplace,Corporate,Net Banking,1,2427.16,0.007,199.67,4.3,0,2263.98
ORD101481,2023-03-09 09:43:02,2023,South,Sports,Website,Corporate,UPI,5,1845.77,0.15,110.5,3.2,0,9298.76
ORD101482,2024-03-19 17:47:04,2024,North,Sports,Website,Consumer,COD,4,1328.0,0.22,41.49,3.9,0,4371.68
ORD101483,2021-06-12 18:32:08,2021,North,Clothing,Marketplace,Home Office,Credit Card,7,1324.61,0.056,67.63,4.7,0,8969.32
ORD101484,2019-12-02 05:34:57,2019,Central,Clothing,Mobile App,Corporate,Net Banking,5,996.25,0.133,165.64,4.6,1,5384.86
ORD101485,2021-09-15 18:04:50,2021,East,Clothing,Marketplace,Consumer,COD,4,981.35,0.16,200.52,3.5,0,3738.76
ORD101486,2020-05-22 13:54:58,2020,South,Books,Mobile App,Corporate,Net Banking,7,625.9,0.221,196.33,3.6,0,4117.1
ORD101487,2021-08-13 18:55:40,2021,East,Home & Kitchen,Marketplace,Corporate,COD,6,1467.11,0.289,158.41,3.4,0,6789.53
ORD101488,2023-05-22 03:57:06,2023,North,Sports,Marketplace,Consumer,UPI,4,1576.94,0.254,48.65,3.6,0,4595.59
ORD101489,2019-10-17 20:04:44,2019,South,Home & Kitchen,Marketplace,Home Office,UPI,1,2039.05,0.186,33.8,3.1,1,1750.62
ORD101490,2024-03-25 00:31:07,2024,South,Sports,Website,Home Office,Net Banking,1,1151.59,0.175,202.07,3.9,0,1280.9
ORD101491,2020-07-28 02:41:53,2020,Central,Beauty,Mobile App,Home Office,Debit Card,4,897.13,0.181,150.86,4.4,0,3186.99
ORD101492,2025-04-05 19:44:01,2025,North,Clothing,Website,Corporate,UPI,4,1464.17,0.164,202.2,3.5,0,6156.63
ORD101493,2024-02-16 03:01:47,2024,East,Books,Website,Consumer,Net Banking,1,681.64,0.018,65.81,3.9,0,757.13
ORD101494,2020-11-27 17:32:45,2020,West,Sports,Website,Consumer,UPI,1,1371.86,0.209,119.63,3.9,0,1241.47
ORD101495,2022-12-10 14:38:25,2022,Central,Sports,Mobile App,Home Office,COD,5,1928.73,0.215,232.22,4.7,0,9675.89
ORD101496,2019-10-11 00:16:08,2019,East,Books,Mobile App,Consumer,UPI,6,667.97,0.154,67.75,3.6,1,4072.26
ORD101497,2019-09-12 22:24:28,2019,South,Clothing,Marketplace,Home Office,Debit Card,1,1440.2,0.261,43.54,3.6,1,1256.62
ORD101498,2025-09-09 15:43:34,2025,South,Electronics,Website,Home Office,COD,4,2124.23,0.202,173.76,3.5,0,6510.56
ORD101499,2024-08-13 00:20:48,2024,South,Beauty,Mobile App,Consumer,Debit Card,1,1027.0,0.109,160.8,3.3,0,1315.11
